,id,pdfs
0,WIPRO,"['https://www.bseindia.com/xml-data/corpfiling/AttachHis/1d67449a-6242-45f2-84a5-70475a295099.pdf', 'https://www.bseindia.com/stockinfo/AnnPdfOpen.aspx?Pname=65e63fd1-a45a-4675-95f9-5e654d9806a2.pdf', 'https://www.bseindia.com/stockinfo/AnnPdfOpen.aspx?Pname=7bc5af06-3488-4992-8e45-f32de629e14c.pdf', 'https://www.bseindia.com/stockinfo/AnnPdfOpen.aspx?Pname=684229a6-febc-4042-a5e8-ecf3682c031b.pdf', 'https://www.bseindia.com/stockinfo/AnnPdfOpen.aspx?Pname=ea5f274e-405d-4f56-bc1e-7391525a7675.pdf', 'https://www.bseindia.com/stockinfo/AnnPdfOpen.aspx?Pname=40960ec6-6d02-471c-b7be-87653f6940e9.pdf', 'https://www.bseindia.com/stockinfo/AnnPdfOpen.aspx?Pname=381f5bbe-a815-4111-a34c-a06dd296fd0e.pdf', 'https://www.bseindia.com/stockinfo/AnnPdfOpen.aspx?Pname=d64977fb-201e-44b4-a1f7-a1797befa57d.pdf', 'https://www.bseindia.com/stockinfo/AnnPdfOpen.aspx?Pname=79e44af5-cb0f-4130-81a2-8d00bc37159d.pdf', 'https://www.bseindia.com/stockinfo/AnnPdfOpen.aspx?Pname=acc971fb-e768-4468-9894-ddf4fd2e8809.pdf', 'https://www.wipro.com/content/dam/nexus/en/investor/quarterly-results/2021-2022/q1fy22/wipro-limited-q1-fy22-quarterly-investor-conference-call-transcript.pdf', 'https://www.bseindia.com/stockinfo/AnnPdfOpen.aspx?Pname=23754b6e-6108-4c5a-a5fd-936005a448f8.pdf', 'https://www.wipro.com/content/dam/nexus/en/investor/quarterly-results/2020-2021/q4fy21/wipro-limited-q4-fy21-quarterly-investor-conference-call-transcript.pdf', 'https://www.wipro.com/content/dam/nexus/en/investor/quarterly-results/2020-2021/q3fy21/wipro-limited-q3-fy21-quarterly-investor-conference-call.pdf', 'https://www.wipro.com/content/dam/nexus/en/investor/quarterly-results/2020-2021/q2fy21/wipro-limted-q2-fy21-earnings-call.pdf', 'https://www.wipro.com/content/dam/nexus/en/investor/quarterly-results/2020-2021/q1fy20/wipro-limted-q1-fy21-earnings-call.pdf', 'https://www.bseindia.com/stockinfo/AnnPdfOpen.aspx?Pname=609dc75e-6f01-4c5b-9a67-158d455bab61.pdf', 'https://www.wipro.com/content/dam/nexus/en/investor/quarterly-results/2019-2020/q4fy20/wipro-earning-call-transcript-q4-fy20.pdf', 'https://www.wipro.com/content/dam/nexus/en/investor/quarterly-results/2019-2020/q3fy20/wipro-earning-call-transcript-q3-fy20.pdf', 'https://www.wipro.com/content/dam/nexus/en/investor/quarterly-results/2019-2020/q2fy20/wipro-earning-call-transcript-q2-fy20.pdf', 'https://www.wipro.com/content/dam/nexus/en/investor/quarterly-results/2019-2020/q1fy20/wipro-earning-call-transcript-q1-fy20.pdf', 'https://www.wipro.com/content/dam/nexus/en/investor/quarterly-results/2018-2019/q4fy19/transcripts-conference-call-q4-fy19.pdf', 'https://www.wipro.com/content/dam/nexus/en/investor/quarterly-results/2018-2019/q3fy19/transcripts-conference-call-q3-fy19.pdf', 'https://www.wipro.com/content/dam/nexus/en/investor/quarterly-results/2018-2019/q2fy19/transcripts-conference-call-q2-fy19.pdf', 'https://www.wipro.com/content/dam/nexus/en/investor/quarterly-results/2017-2018/q4fy18/wipro-earning-call-transcript-q4-fy18.pdf', 'https://www.wipro.com/content/dam/nexus/en/investor/quarterly-results/2017-2018/q3fy18/transcripts-conference-call.pdf', 'https://www.wipro.com/content/dam/nexus/en/investor/quarterly-results/2017-2018/Q2/wipro-earnings-call-transcript-oct17-2017.pdf']"
1,UPL,"['https://www.upl-ltd.com/financial_result_and_report_pdfs/0ussbQSi5IxleJvTMVGTsuI6rIRn4OmYGia3kAX4/UPL-Q2FY24-Earnings-Concall-Transcript--30Oct23.pdf', 'https://www.upl-ltd.com/financial_result_and_report_pdfs/fFJLcMaZDOEQBJKLVwzGWSq6LqX0kVl103mJkPFv/Q1FY24-Concall-Transcript.pdf', 'https://www.upl-ltd.com/financial_result_and_report_pdfs/o4ebOoY5lFDj6FanD9XR2812AoPSOiOob7JNl0k2/Capital-Markets-Day-2023-Transcripts.pdf', 'https://www.upl-ltd.com/financial_result_and_report_pdfs/mcUQqDQwgVV1hWMHYm9bWMBuYoDnMNgRyFMhZvRz/UPL---Q3FY23-Concall-Transcript.pdf', 'https://www.upl-ltd.com/financial_result_and_report_pdfs/JLahDV1cuqkxpFDB5p0ehQ1dVAC3zAYyA3QPYIVZ/UPL-Earnings-Transcript-29-Oct-2021.pdf', 'https://www.upl-ltd.com/financial_result_and_report_pdfs/JQsuTR0LPBFSOg6THGj9ZGTKkKqLW5lxkZEpiaWC/UPL-Earnings-Transcript-30-July-2021.pdf', 'https://www.upl-ltd.com/financial_result_and_report_pdfs/muKt4hhCQgFzCuaBq54AdBXbyMg2ZarGs8aU5KXw/Transcript_Final.pdf', 'https://www.upl-ltd.com/financial_result_and_report_pdfs/8bd3hvexFulC9NELc4U3jVAd4JPp29b7IqaROTW0/UPLLimited-Earnings-29Jan2021.pdf', 'https://www.upl-ltd.com/financial_result_and_report_pdfs/o1o5npQagkYUEbKvbDtK83hLFETjN4Cqe51fkjGb/Earnings-Call-Invite-&-Transcript-(Q2-20-21).pdf', 'https://www.upl-ltd.com/financial_result_and_report_pdfs/oBxPZ1PeV5tuWhMw3mhCXAMMhfK4nsU51BNzvhkL/UPL-Ltd-Earnings-July31-2020_Transcript-(Q1-20-21).pdf', 'https://www.upl-ltd.com/financial_result_and_report_pdfs/VS8ymUlJg85CUFf2mtkKoyplUfe1HB7gvdvm7WI3/Q3-FY-2020-Earnings-Call-Transcript-(Q3-19-20).pdf', 'https://www.upl-ltd.com/financial_result_and_report_pdfs/imm1QNJXOQZGfTWF3XjvVecvDlNb3YWxNKrmdDCY/Q2-FY-2020-Earnings-Call-Transcript-(Q2-19-20).pdf', 'https://www.upl-ltd.com/financial_result_and_report_pdfs/NcKlBcpri7ETAjMz5w5f6vP5fMbJ1S3J3qPNEtHD/Q1-FY-2019-20-Earnings-Call-Transcript-(Q1-19-20).pdf', 'https://www.upl-ltd.com/financial_result_and_report_pdfs/OlfHvltO6mUo6gY9DsU5ivff1KUDR2IXAZtQOZua/Q3-FY-2018-19-Earnings-Call-Transcript-(2018-19-Q3).pdf', 'https://www.upl-ltd.com/financial_result_and_report_pdfs/x6KJCDdjgxDwXrPmNatwRyMGILA0eARVrZmVGyf9/UPL-Con-call-Transcripts---FY18-19-Q2---dated-26-October-2018-(Q2-18-19).pdf', 'https://www.upl-ltd.com/financial_result_and_report_pdfs/uFh7hH67K2DXziXe1gptdDEKYyDZfMQrwYgSNfce/UPL-Con-call-Transcripts-FY18-19-Q1-dated-31-July-2018-(Q1-18-19).pdf', 'https://www.upl-ltd.com/financial_result_and_report_pdfs/BxMqsn7sAzv4jU1SrRmBrW1GcgugnikCrFozNlqY/UPL_Con_call_Transcripts_FY17_18_Q3_dated_25_January_2018-(Q3-17-18).pdf', 'https://www.upl-ltd.com/financial_result_and_report_pdfs/Bo1Rtvj3f0oC8AxWUVzT5nPfMEBYaSXUN2JzZmu4/UPL_Con_call_Transcripts_FY17_18_Q2_dated_30_October_2017-(Q2-17-18).pdf']"
2,ULTRACEMCO,"['https://www.bseindia.com/stockinfo/AnnPdfOpen.aspx?Pname=86accf40-1599-4ba0-b862-200552ba7aa9.pdf', 'https://www.bseindia.com/stockinfo/AnnPdfOpen.aspx?Pname=7007d1c8-6e4e-482f-9b5f-9d5546ff5047.pdf', 'https://www.bseindia.com/stockinfo/AnnPdfOpen.aspx?Pname=24a7004b-87d7-4015-8316-5dbe54bd8cc2.pdf', 'https://www.ultratechcement.com/content/dam/ultratechcementwebsite/pdf/financials/earnings-call/ultratech-cement-earnings-call-transcript-jan23-2023.pdf', 'https://stockdiscovery.s3.amazonaws.com/insight/india/4499/Conference%20Call/CC-Jun22.pdf', 'https://www.bseindia.com/stockinfo/AnnPdfOpen.aspx?Pname=1e42fe9a-9cf9-4681-b2e6-03ab0150084a.pdf', 'https://www.ultratechcement.com/content/dam/ultratechcementwebsite/pdf/financials/earnings-call/EarningscallTranscriptQ1FY22.pdf', 'https://www.ultratechcement.com/content/dam/ultratechcementwebsite/pdf/financials/earnings-call/UltraTech%20Earnings%20Call%20Transcript%2023%20Jan%202021.pdf']"
3,TITAN,"['https://www.bseindia.com/xml-data/corpfiling/AttachHis/cf53d432-9035-4e77-9a07-d57bc5ed0454.pdf', 'https://www.bseindia.com/stockinfo/AnnPdfOpen.aspx?Pname=1d9b698b-cb02-4fd1-82d3-6781e3c13f0f.pdf', 'https://www.bseindia.com/stockinfo/AnnPdfOpen.aspx?Pname=4de74390-24ad-44ef-811d-963cba2467d5.pdf', 'https://www.bseindia.com/stockinfo/AnnPdfOpen.aspx?Pname=78a57240-a12c-471b-a6ab-46182a7cb6ab.pdf', 'https://www.bseindia.com/stockinfo/AnnPdfOpen.aspx?Pname=39c4032a-db76-4bfb-8a49-5171b6a279b4.pdf', 'https://www.bseindia.com/stockinfo/AnnPdfOpen.aspx?Pname=a4c6bdeb-dcd2-4760-b9aa-e6177a1db1fc.pdf', 'https://www.bseindia.com/stockinfo/AnnPdfOpen.aspx?Pname=91dd0cb8-0bea-4659-82c4-cbc68f63a2a6.pdf', 'https://www.bseindia.com/stockinfo/AnnPdfOpen.aspx?Pname=09bfc085-67f8-4e5d-83e5-78c452fb6519.pdf', 'https://www.bseindia.com/stockinfo/AnnPdfOpen.aspx?Pname=8dee69d1-5412-4801-8095-f6d01f70e616.pdf', 'https://www.titancompany.in/sites/default/files/Titan%20Earnings%20Call%20Transcript%20Q1%20FY%2722.pdf', 'https://www.bseindia.com/stockinfo/AnnPdfOpen.aspx?Pname=ccc74eba-ecc5-49dc-97b3-119030dbf8f0.pdf', 'https://www.titancompany.in/sites/default/files/Titan-Earnings-Apr29-2021.pdf', 'https://www.titancompany.in/sites/default/files/Titan-Earnings-10Feb-2021.pdf', 'https://www.titancompany.in/sites/default/files/Titan-Earnings-Oct28-2020%20Transcript.pdf', 'https://www.titancompany.in/sites/default/files/Q1%20FY21%20Transcript.pdf', 'https://www.titancompany.in/sites/default/files/Q4%20FY20%20Transcript.pdf', 'https://www.titancompany.in/sites/default/files/Q3%20FY20%20Earnings%20Call%20Transcript.pdf', 'https://www.titancompany.in/sites/default/files/2023-08/Q3%20FY20%20Earnings%20Call%20Transcript.pdf', 'https://www.titancompany.in/sites/default/files/TitanCompany-Earnings-05Nov2019%20%281%29.pdf', 'https://www.titancompany.in/sites/default/files/Q1%2720%20-%20Earnings%20Call%20Transcript.pdf', 'https://www.titancompany.in/sites/default/files/Q4%2719%20Earnings%20Call%20Transcript.pdf', 'https://www.titancompany.in/sites/default/files/Q3%20FY%20%2719%20-%20Earnings%20Call%20Transcript.pdf', 'https://www.titancompany.in/sites/default/files/Q2%2719%20Earnings%20Call%20Transcript.pdf', 'https://www.titancompany.in/sites/default/files/Titan%20-%20Q1%2719%20Earnings%20Call%20-%20Transcript.pdf', 'https://www.titancompany.in/sites/default/files/Titan-Earnings-May10-2018.pdf', 'https://www.titancompany.in/sites/default/files/TitanCo-Earnings-04Nov-2016.pdf']"
4,TECHM,"['https://www.bseindia.com/xml-data/corpfiling/AttachHis/506d51f4-5ec6-4195-83ec-14ff37fa150c.pdf', 'https://www.bseindia.com/stockinfo/AnnPdfOpen.aspx?Pname=5fcc43cb-c2d7-462b-a1a9-43c4b0a164bb.pdf', 'https://www.bseindia.com/stockinfo/AnnPdfOpen.aspx?Pname=0bed19d9-b54f-4a2d-a5ef-a5062c388537.pdf', 'https://www.bseindia.com/stockinfo/AnnPdfOpen.aspx?Pname=8ef8a0ab-867f-4ac1-9b3e-0c8c459cd324.pdf', 'https://www.bseindia.com/stockinfo/AnnPdfOpen.aspx?Pname=e9345108-e01e-441e-b596-acea1af5eba5.pdf', 'https://www.bseindia.com/stockinfo/AnnPdfOpen.aspx?Pname=90283448-a3d4-4485-af28-a4012dbccd25.pdf', 'https://www.bseindia.com/stockinfo/AnnPdfOpen.aspx?Pname=5d48d7e2-848f-4a71-aa53-ec3315062fe7.pdf', 'https://insights.techmahindra.com/investors/tml-q2-fy-22-earnings-transcript.pdf', 'https://insights.techmahindra.com/investors/tml-q1-fy-22-earnings-transcript.pdf', 'https://insights.techmahindra.com/investors/tml-q4-fy-21-earnings-transcript.pdf', 'https://insights.techmahindra.com/investors/tml-q3-fy-21-earnings-transcript.pdf', 'https://insights.techmahindra.com/investors/tml-q2-fy-21-earnings-transcript.pdf', 'https://insights.techmahindra.com/investors/agm-transcript-28.07.2020.pdf']"
5,TATASTEEL,"['https://www.tatasteel.com/media/19542/2qfy24-transcript-v7.pdf', 'https://www.tatasteel.com/media/18677/1qfy24-transcript-v7.pdf', 'https://www.tatasteel.com/media/18022/4qfy23-and-fy23-transcript-v7.pdf', 'https://www.tatasteel.com/media/17447/3qfy23-transcript.pdf', 'https://www.tatasteel.com/media/16797/2qfy23-transcript.pdf', 'https://www.tatasteel.com/media/16242/1qfy23-transcript.pdf']"
6,TATAMOTORS,"['https://www.bseindia.com/stockinfo/AnnPdfOpen.aspx?Pname=3a82121b-4528-440d-ad7f-22728f47a946.pdf', 'https://www.tatamotors.com/wp-content/uploads/2023/07/tata-motors-group-earnings-call-transcript-q1-fy24.pdf', 'https://www.bseindia.com/stockinfo/AnnPdfOpen.aspx?Pname=0c81a1b7-bdef-4df1-bd2e-7cb362f50beb.pdf', 'https://www.bseindia.com/stockinfo/AnnPdfOpen.aspx?Pname=a16e0aea-e5b0-499e-a8a5-f0911a51e244.pdf', 'https://www.bseindia.com/stockinfo/AnnPdfOpen.aspx?Pname=b0c9d9f9-4979-497e-8d29-b2f0ccf23fdb.pdf', 'https://www.bseindia.com/stockinfo/AnnPdfOpen.aspx?Pname=27b1a9d0-5db1-4b19-a21e-b1a1cb7d4bba.pdf', 'https://www.bseindia.com/stockinfo/AnnPdfOpen.aspx?Pname=d63bde0d-0952-4676-88a6-6d33b4bb2fc1.pdf', 'https://www.bseindia.com/stockinfo/AnnPdfOpen.aspx?Pname=9ce25fee-c848-4a6b-909b-698598cd175a.pdf', 'https://www.tatamotors.com/wp-content/uploads/2022/02/Q3-FY22-earnings-call-transcript.pdf', 'https://www.tatamotors.com/wp-content/uploads/2021/11/tata-motors-q2-earnings-call-transcript.pdf', 'https://www.tatamotors.com/wp-content/uploads/2021/10/22093739/ev-business-analyst-investor-call-transcript.pdf', 'https://www.tatamotors.com/wp-content/uploads/2021/08/03093742/Earnings-Call-Transcript-Q1FY22.pdf', 'https://www.tatamotors.com/wp-content/uploads/2021/05/31080653/tata-motors-group-analyst-call-transcript-q4fy21.pdf', 'https://www.tatamotors.com/wp-content/uploads/2021/02/05110935/TATA-Motors-Analyst-Jan29-2021.pdf', 'https://www.tatamotors.com/wp-content/uploads/2020/11/04071425/TM-Concall-Transcript-Q2FY21.pdf', 'https://www.tatamotors.com/wp-content/uploads/2020/08/14045300/Tata-Motors-Webcast-Audio-31-July-2020.pdf']"
7,TATACONSUM,"['https://www.bseindia.com/xml-data/corpfiling/AttachHis/09b343e9-8463-49de-8115-cca42098d8f2.pdf', 'https://www.bseindia.com/stockinfo/AnnPdfOpen.aspx?Pname=a39bba0f-7dbc-4a6a-ba2c-9cd08249419a.pdf', 'https://www.bseindia.com/stockinfo/AnnPdfOpen.aspx?Pname=73243fc9-684d-4283-9590-43e072f29e9a.pdf', 'https://www.bseindia.com/stockinfo/AnnPdfOpen.aspx?Pname=a0259ce8-bff8-4dd0-a548-bbf38d3a506e.pdf', 'https://www.bseindia.com/stockinfo/AnnPdfOpen.aspx?Pname=921243bd-1966-4233-a369-7bb283d3fd4e.pdf', 'https://www.bseindia.com/stockinfo/AnnPdfOpen.aspx?Pname=af1e4c0b-0ee8-46a2-9a61-928e7c34536f.pdf', 'https://www.bseindia.com/stockinfo/AnnPdfOpen.aspx?Pname=1ab2bab3-aaa9-484f-a196-e53dce72ae7c.pdf', 'https://www.bseindia.com/stockinfo/AnnPdfOpen.aspx?Pname=cfe8b236-afc8-4802-89d0-be623ed68576.pdf', 'https://www.tataconsumer.com/sites/g/files/gfwrlq316/files/2021-10/Q2FY22-earnings-call-transcript.pdf', 'https://www.bseindia.com/stockinfo/AnnPdfOpen.aspx?Pname=42026f04-f8bc-4c95-a0f4-a5d333691e9c.pdf', 'https://www.tataconsumer.com/sites/g/files/gfwrlq316/files/2021-08/Q1FY22-earnings-call-transcript.pdf', 'https://www.bseindia.com/stockinfo/AnnPdfOpen.aspx?Pname=79f285e6-efc8-4f59-812a-899d1924063d.pdf', 'https://www.tataconsumer.com/sites/g/files/gfwrlq316/files/2021-05/tataconsumer-q4fy21-call-transcript_may07-2021.pdf', 'https://www.bseindia.com/stockinfo/AnnPdfOpen.aspx?Pname=60f7a8ec-1857-4e30-88e1-18efb59d5249.pdf', 'https://www.tataconsumer.com/sites/g/files/gfwrlq316/files/2021-05/call-transcript_q3fy21.pdf', 'https://www.tataconsumer.com/sites/g/files/gfwrlq316/files/2021-05/q2fy21-call-transcript.pdf', 'https://www.bseindia.com/stockinfo/AnnPdfOpen.aspx?Pname=a6fd2526-da10-42dd-a1bb-1a3401b4463a.pdf', 'https://www.tataconsumer.com/sites/g/files/gfwrlq316/files/2021-04/q1-fy-21-transcript-final.pdf', 'https://www.tataconsumer.com/sites/g/files/gfwrlq316/files/2021-05/investor-call-transcript_14th-may.pdf', 'https://www.tataconsumer.com/sites/g/files/gfwrlq316/files/2021-05/tgb-transcript---q3fy20---web-upload.pdf']"
8,TCS,"['https://www.bseindia.com/xml-data/corpfiling/AttachHis/e617aaed-ae26-4fc8-8a6e-d79f40adc7f0.pdf', 'https://www.bseindia.com/stockinfo/AnnPdfOpen.aspx?Pname=46524061-48f9-497c-8217-2a4ca8479900.pdf', 'https://www.bseindia.com/stockinfo/AnnPdfOpen.aspx?Pname=0a54627e-6d57-4e58-a672-5f15cbeb3f7e.pdf', 'https://www.bseindia.com/stockinfo/AnnPdfOpen.aspx?Pname=76ba7959-5943-41bd-9410-a53f3de41e26.pdf', 'https://www.bseindia.com/stockinfo/AnnPdfOpen.aspx?Pname=745d6bd9-e798-419a-8d49-b6beef99ab47.pdf', 'https://www.bseindia.com/stockinfo/AnnPdfOpen.aspx?Pname=76487354-b76f-4d21-8d70-d929f6b480a9.pdf', 'https://www.bseindia.com/stockinfo/AnnPdfOpen.aspx?Pname=f424c104-aab6-47ba-9659-65a2ce5689e1.pdf', 'https://www.tcs.com/content/dam/tcs/investor-relations/financial-statements/2021-22/q3/Management%20Commentary/Transcript%20of%20the%20Q3%202021-22%20Earnings%20Conference%20Call%20held%20at%202000%20hrs%20IST%20on%20Jan%2012,%202022.pdf', 'https://www.tcs.com/content/dam/tcs/investor-relations/financial-statements/2021-22/q2/Management%20Commentary/Transcript%20of%20the%20Q2%202021-22%20Earnings%20Conference%20Call%20held%20at%202000%20hrs%20IST%20on%20Oct%208,%202021.pdf', 'https://www.tcs.com/content/dam/tcs/investor-relations/financial-statements/2021-22/q1/Management%20Commentary/Transcript%20of%20the%20Q1%202021-22%20Earnings%20Conference%20Call%20held%20at%202000%20hrs%20IST%20on%20Jul%208,%202021.pdf', 'https://www.tcs.com/content/dam/tcs/investor-relations/financial-statements/2020-21/q4/Management%20Commentary/Transcript%20of%20the%20Q4%202020-21%20Earnings%20Conference%20Call%20held%20at%202000%20hrs%20IST%20on%20Apr%2012,%202021.pdf', 'https://www.tcs.com/content/dam/tcs/investor-relations/financial-statements/2020-21/q3/Management%20Commentary/Transcript%20of%20the%20Q3%202020-21%20Earnings%20Conference%20Call%20held%20at%202000%20hrs%20IST%20on%20Jan%208,%202021.pdf', 'https://www.tcs.com/content/dam/tcs/investor-relations/financial-statements/2020-21/q2/Management%20Commentary/Transcript%20of%20the%20Q2%202020-21%20Earnings%20Conference%20Call%20held%20at%202000%20hrs%20IST%20on%20Oct%20%207,%202020.pdf', 'https://www.tcs.com/content/dam/tcs/investor-relations/financial-statements/2020-21/q1/Management%20Commentary/Transcript%20of%20the%20Q1%202020-21%20Earnings%20Conference%20Call%20held%20at%202000%20hrs%20IST%20on%20July%209,%202020.pdf', 'https://www.tcs.com/content/dam/tcs/investor-relations/financial-statements/2019-20/q4/Management%20Commentary/Transcript%20of%20the%20Q4%202019-20%20Earnings%20Conference%20Call%20held%20at%202000%20hrs%20IST%20on%20April%2016,%202020.pdf', 'https://www.tcs.com/content/dam/tcs/investor-relations/financial-statements/2019-20/q3/Management%20Commentary/Transcript%20of%20the%20Q3%202019-20%20Earnings%20Conference%20Call%20held%20at%201730%20hrs%20IST%20on%20January%2017,%202020.pdf', 'https://www.tcs.com/content/dam/tcs/investor-relations/financial-statements/2019-20/q2/Management%20Commentary/Transcript%20of%20the%20Q2%202019-20%20Earnings%20Conference%20Call%20held%20at%201900%20hrs%20IST%20on%20October%2010,%202019.pdf', 'https://www.tcs.com/content/dam/tcs/investor-relations/financial-statements/2019-20/q1/Management%20Commentary/Transcript%20of%20the%20Q1%202019-20%20Earnings%20Conference%20Call%20held%20at%201900%20hrs%20IST%20on%20July%209,%202019.pdf', 'https://www.tcs.com/content/dam/tcs/investor-relations/financial-statements/2018-19/q4/Management%20Commentary/Transcript%20of%20the%20Q4%202018-19%20Earnings%20Conference%20Call%20held%20at%201930%20hrs%20IST%20on%20April%2012,%202019.pdf', 'https://www.tcs.com/content/dam/tcs/investor-relations/financial-statements/2018-19/q3/Management%20Commentary/Transcript%20of%20the%20Q3%202018-19%20Earnings%20Conference%20Call%20held%20at%201900%20hrs%20IST%20on%20January%2010,%202019.pdf', 'https://www.tcs.com/content/dam/tcs/investor-relations/financial-statements/2018-19/q2/Management%20Commentary/Transcript%20of%20the%20Q2%202018-19%20Earnings%20Conference%20Call%20held%20at%2019%2000%20hrs%20IST%20on%20October%2011,%202018.pdf', 'https://www.tcs.com/content/dam/tcs/investor-relations/financial-statements/2018-19/q1/Management%20Commentary/Transcript%20of%20the%20Q1%202018-19%20Earnings%20Conference%20Call%20held%20at%2019%2000%20hrs%20IST%20on%20July%2010,%202018.pdf', 'https://www.tcs.com/content/dam/tcs/investor-relations/financial-statements/2017-18/q4/Management%20Commentary/Transcript%20of%20the%20Q4%202017-18%20Earnings%20Conference%20Call%20held%20at%2019%2000%20hrs%20IST%20on%20April%2019,%202018.pdf', 'https://www.tcs.com/content/dam/tcs/investor-relations/financial-statements/2017-18/q3/Management%20Commentary/Transcript%20of%20the%20Q3%202017-18%20Earnings%20Conference%20Call%20held%20at%2019%2000%20hrs%20IST%20on%20January%2011,%202018.pdf', 'https://www.tcs.com/content/dam/tcs/investor-relations/financial-statements/2017-18/q2/Management%20Commentary/Transcript%20of%20the%20Q2%202017-18%20Earnings%20Conference%20Call%20held%20at%2019%2000%20hrs%20IST%20on%20October%2012,%202017.pdf', 'https://www.tcs.com/content/dam/tcs/investor-relations/financial-statements/2017-18/q1/Management%20Commentary/Transcript%20of%20the%20Q1%202017-18%20Earnings%20Conference%20Call%20held%20at%2019%2000%20hrs%20IST%20on%20July%2013,%202017.pdf']"
9,SUNPHARMA,"['https://www.bseindia.com/xml-data/corpfiling/AttachHis/788eb9c4-2be4-4e46-a1bc-045cc355fed6.pdf', 'https://www.bseindia.com/stockinfo/AnnPdfOpen.aspx?Pname=c02c76d9-0d38-41a3-8a4c-ae60c04d7c6b.pdf', 'https://www.bseindia.com/stockinfo/AnnPdfOpen.aspx?Pname=146e73bc-f72d-4970-8bf4-85e4a62ab2f7.pdf', 'https://www.bseindia.com/stockinfo/AnnPdfOpen.aspx?Pname=e485b9cb-e649-4a5b-a99b-bdf8198f3bf1.pdf', 'https://www.bseindia.com/stockinfo/AnnPdfOpen.aspx?Pname=5ce16a4d-da5c-414e-ae88-048e3e9386e0.pdf', 'https://www.bseindia.com/stockinfo/AnnPdfOpen.aspx?Pname=4d6dc697-3de4-4ebd-98c7-bb4a1eae4f4c.pdf', 'https://www.bseindia.com/stockinfo/AnnPdfOpen.aspx?Pname=29210495-3f9c-418e-ae83-9e7328b8e485.pdf', 'https://www.bseindia.com/stockinfo/AnnPdfOpen.aspx?Pname=c96f5127-18f1-4664-8ac5-5cca09a0d4be.pdf', 'https://www.bseindia.com/stockinfo/AnnPdfOpen.aspx?Pname=7a4d3ebd-410c-47fc-964a-76d80ffb8f53.pdf', 'https://sunpharma.com/wp-content/uploads/2021/08/FY22-Q1-Earnings-Call-Transcript.pdf', 'https://www.bseindia.com/stockinfo/AnnPdfOpen.aspx?Pname=11d850b2-ea51-4b85-b41a-6fbe75675d86.pdf', 'https://www.bseindia.com/stockinfo/AnnPdfOpen.aspx?Pname=d619b226-40c2-4d83-b719-81a9d1ced632.pdf', 'https://sunpharma.com/wp-content/uploads/2021/02/FY21-Q3-Earnings-Call-Transcript.pdf', 'https://sunpharma.com/wp-content/uploads/2021/01/FY20-21-Q2-Earnings-Call-Transcript.pdf']"
10,SBIN,"['https://www.bseindia.com/stockinfo/AnnPdfOpen.aspx?Pname=1a58f0d8-f71e-4d4d-8dab-6e3e21d65281.pdf', 'https://www.bseindia.com/stockinfo/AnnPdfOpen.aspx?Pname=d1a1746d-fa6e-48c4-bbab-c5b2e05ec4e7.pdf', 'https://www.bseindia.com/stockinfo/AnnPdfOpen.aspx?Pname=c0592b75-f3d7-4e58-b582-060c9cff3bda.pdf', 'https://www.bseindia.com/stockinfo/AnnPdfOpen.aspx?Pname=98f6f60a-be7b-47bd-b961-71e79984bd2c.pdf', 'https://www.bseindia.com/stockinfo/AnnPdfOpen.aspx?Pname=d4197c79-9542-46a6-8389-eab7b17f0b9d.pdf', 'https://www.bseindia.com/stockinfo/AnnPdfOpen.aspx?Pname=65e56f27-ce21-495d-91f2-9db0baa3cea3.pdf', 'https://www.bseindia.com/stockinfo/AnnPdfOpen.aspx?Pname=a89aeb98-b09e-4199-8993-da23e76f118f.pdf', 'https://www.bseindia.com/stockinfo/AnnPdfOpen.aspx?Pname=9a7dbf75-41cf-4806-b4a7-ae3a976c42fd.pdf', 'https://www.bseindia.com/stockinfo/AnnPdfOpen.aspx?Pname=4fd42357-9d95-4e4c-b5d7-4e169643b94c.pdf', 'https://sbi.co.in/documents/17836/4840865/02082020_SBI+Q1FY21+ANALYST+CONFERENCE+CALL+TRANSCRIPT.pdf']"
11,SBILIFE,"['https://www.bseindia.com/xml-data/corpfiling/AttachHis/1ee74586-96d1-41e9-946b-e0a82ea87aa7.pdf', 'https://www.bseindia.com/stockinfo/AnnPdfOpen.aspx?Pname=ec3d7f21-5eea-44ba-a26d-3668396623c9.pdf', 'https://www.bseindia.com/stockinfo/AnnPdfOpen.aspx?Pname=5201c8a5-51c7-4cb4-8ae3-a10beee39e9a.pdf', 'https://www.bseindia.com/stockinfo/AnnPdfOpen.aspx?Pname=4e8730df-9ae3-4c4f-a26b-70d1aecdcf45.pdf', 'https://www.bseindia.com/stockinfo/AnnPdfOpen.aspx?Pname=9666be44-491a-4b88-beda-a5cec75ca6dd.pdf', 'https://www.bseindia.com/stockinfo/AnnPdfOpen.aspx?Pname=aac5b6b7-90e4-49d4-bbfb-209f5b49a710.pdf', 'https://www.bseindia.com/stockinfo/AnnPdfOpen.aspx?Pname=d6bfa0d0-7274-4c87-b81e-5deb0625eccd.pdf']"
12,RELIANCE,"['https://www.bseindia.com/stockinfo/AnnPdfOpen.aspx?Pname=ef9baa21-923a-48ad-9fb7-2157af59ae16.pdf', 'https://www.bseindia.com/stockinfo/AnnPdfOpen.aspx?Pname=f2fa506f-675b-46db-9f7b-26303a05d6b9.pdf', 'https://www.bseindia.com/stockinfo/AnnPdfOpen.aspx?Pname=9c8c3f07-883a-476b-8fb2-8fe74078e9f5.pdf', 'https://www.bseindia.com/stockinfo/AnnPdfOpen.aspx?Pname=dfb275bd-fd47-4a38-964e-21a67e26b3c2.pdf', 'https://www.bseindia.com/stockinfo/AnnPdfOpen.aspx?Pname=aa7a60c6-791d-4e59-94e6-9f94c3a506fc.pdf']"
13,POWERGRID,"['https://www.bseindia.com/xml-data/corpfiling/AttachHis/1bdbe665-975d-4e5a-9a39-689b5a6fff36.pdf', 'https://www.bseindia.com/stockinfo/AnnPdfOpen.aspx?Pname=c97c59ba-3350-42a5-9898-d18249c7a3a7.pdf', 'https://www.bseindia.com/stockinfo/AnnPdfOpen.aspx?Pname=8eca6e31-b4c8-4673-8e77-17a88fc9933e.pdf', 'https://www.bseindia.com/stockinfo/AnnPdfOpen.aspx?Pname=9ab59efa-be66-47f2-b8c3-1baa8ca5bc05.pdf', 'https://www.powergrid.in/sites/default/files/POWERGRID%20Q3%20FY%202020%20Earnings%20Conference%20Call%20Transcript.pdf', 'https://www.powergrid.in/sites/default/files/Q1_2019_20_Conference_Call_Transcript.pdf', 'https://www.powergrid.in/sites/default/files/Q4_FY_2019_Transcript.pdf', 'https://www.powergrid.in/sites/default/files/Concall_PowerGrid_31_Jan_2019.pdf']"
14,ONGC,['https://ongcindia.com/web/eng/transcription']
15,NTPC,"['https://www.bseindia.com/xml-data/corpfiling/AttachHis/77f1db12-a824-418f-b055-ac38bef62a09.pdf', 'https://www.bseindia.com/stockinfo/AnnPdfOpen.aspx?Pname=b6ec1ef6-07eb-405c-bc7c-db2cb2f053e8.pdf', 'https://www.bseindia.com/stockinfo/AnnPdfOpen.aspx?Pname=b961ed68-e005-45ae-9f0c-004caceef4e3.pdf', 'https://www.bseindia.com/stockinfo/AnnPdfOpen.aspx?Pname=bdd78ff3-a869-463a-9f2d-64d6abf1974b.pdf', 'https://www.bseindia.com/stockinfo/AnnPdfOpen.aspx?Pname=767b3ba4-c5eb-421d-99ad-91a3e9939879.pdf', 'https://www.bseindia.com/stockinfo/AnnPdfOpen.aspx?Pname=b4498483-cc32-4b84-8868-da779dac6533.pdf']"
16,NESTLEIND,"['https://www.bseindia.com/xml-data/corpfiling/AttachHis/51f589ba-8cc4-4dc1-8483-5790d410f3c1.pdf', 'https://www.bseindia.com/stockinfo/AnnPdfOpen.aspx?Pname=57b18a55-2938-4a2d-be61-e5c4f0cbc195.pdf', 'https://www.bseindia.com/stockinfo/AnnPdfOpen.aspx?Pname=c76ed253-7075-4364-97ae-7040bd89009a.pdf', 'https://www.nestle.in/sites/g/files/pydnoa451/files/investors/documents/analyst/nestle-india-transcript-analysts-meet-aug-21-2018.pdf', 'https://www.nestle.in/sites/g/files/pydnoa451/files/investors/documents/analyst/nestle-india-transcript-aug-24-2017.pdf']"
17,MARUTI,"['https://marutistoragenew.blob.core.windows.net/msilintiwebpdf/Transcript_earnings_call_Maruti_Suzuki_Q1_FY24.pdf', 'https://marutistoragenew.blob.core.windows.net/msilintiwebpdf/Transcript_earnings_call-Maruti_Suzuki_Q4_FY23_New.pdf', 'https://marutistoragenew.blob.core.windows.net/msilintiwebpdf/Transcript_earnings_call-Maruti_Suzuki_Q3_FY_23.pdf', 'https://marutistoragenew.blob.core.windows.net/msilintiwebpdf/Transcript_earnings_call_Maruti_Suzuki_Q2_FY_23.pdf', 'https://marutistoragenew.blob.core.windows.net/msilintiwebpdf/Transcript_earnings_call_Maruti_Suzuki_Q1_FY23.pdf', 'https://marutistoragenew.blob.core.windows.net/msilintiwebpdf/Transcript_earnings_call-Maruti_Suzuki_Q3_FY22.pdf', ""https://marutistoragenew.blob.core.windows.net/msilintiwebpdf/Transcript_earnings_call-Maruti_Suzuki_Q1_FY'22.pdf"", 'https://marutistoragenew.blob.core.windows.net/msilintiwebpdf/Transcript-earnings-call-Maruti-Suzuki-Q4-FY-21.pdf', ""https://marutistoragenew.blob.core.windows.net/msilintiwebpdf/Transcript_earnings_call_Maruti_Suzuki_Q3_FY'21.pdf"", ""https://marutistoragenew.blob.core.windows.net/msilintiwebpdf/Transcript_earnings_call_Maruti_Suzuki_Q2_FY'21.pdf"", ""https://marutistoragenew.blob.core.windows.net/msilintiwebpdf/Transcript_earnings_call-Maruti_Suzuki_Q1FY'21.pdf"", 'https://marutistoragenew.blob.core.windows.net/msilintiwebpdf/Transcript_earnings_call-Maruti_Suzuki_Q4F_20_and_full_year_FY20.pdf', 'https://marutistoragenew.blob.core.windows.net/msilintiwebpdf/Maruti%20Suzuki_Q2FY20_and_H1FY20_Transcript.pdf', 'https://marutistoragenew.blob.core.windows.net/msilintiwebpdf/Maruti_Suzuki_Q1FY20_Transcript.pdf', 'https://marutistoragenew.blob.core.windows.net/msilintiwebpdf/Maruti_Suzuki_Q4FY19_Transcript.pdf', 'https://marutistoragenew.blob.core.windows.net/msilintiwebpdf/Maruti_Suzuki_Q3FY19_Transcript.pdf', 'https://marutistoragenew.blob.core.windows.net/msilintiwebpdf/Q2FY19_and_H1FY19_Investor_Conference_Call_Transcript.pdf', 'https://marutistoragenew.blob.core.windows.net/msilintiwebpdf/Maruti_Suzuki_Q1FY19_Investor_Concall_Transcript.pdf', 'https://marutistoragenew.blob.core.windows.net/msilintiwebpdf/Maruti_Suzuki_Transcript-for-Q3FY18-Concall.pdf', 'https://marutistoragenew.blob.core.windows.net/msilintiwebpdf/Maruti_Suzuki_Q2FY18_Transcript.pdf', 'https://marutistoragenew.blob.core.windows.net/msilintiwebpdf/Maruti_Suzuki_Q4FY17-Transcript.pdf', 'https://marutistoragenew.blob.core.windows.net/msilintiwebpdf/Maruti_Suzuki_Q3FY17_Transcript.pdf', 'https://marutistoragenew.blob.core.windows.net/msilintiwebpdf/Transcription_of_Maruti_Suzuki-Q1_FY_17.pdf', 'https://marutistoragenew.blob.core.windows.net/msilintiwebpdf/Transcription_of_Maruti_Suzuki-26th_April_2016.pdf', 'https://marutistoragenew.blob.core.windows.net/msilintiwebpdf/Transcription_of_Maruti-28th_Jan_2016_final.pdf']"
18,M&M,"['https://www.bseindia.com/stockinfo/AnnPdfOpen.aspx?Pname=197cf566-5998-4bd0-af67-17bcaa2fc96b.pdf', 'https://www.mahindra.com/sites/default/files/2023-08/TRANSCRIPT%20-%20M%26M%20Q1F24%20Earnings%20Call%20-%204th%20Aug%202023%20-%20FINAL_0.pdf', 'https://www.bseindia.com/stockinfo/AnnPdfOpen.aspx?Pname=aeef931a-9ed7-4845-ae5c-2794d92206f9.pdf', 'https://www.mahindra.com/resources/investor-reports/FY22/Earnings%20Update/TRANSCRIPT-MM-Q3FY22-Earnings-Call-10th-Feb-2022-FINAL.pdf', 'https://www.mahindra.com/resources/investor-reports/FY22/Earnings%20Update/TRANSCRIPT-MM-Q2FY22-Earnings-Call-9th-Nov-2021-FINAL.pdf', 'https://www.mahindra.com/resources/investor-reports/FY22/Earnings%20Update/TRANSCRIPT-MM-Q1FY22-Earnings-Call-6th-Aug-2021-FINAL.pdf', 'https://www.mahindra.com/resources/investor-reports/FY21/Earnings%20Update/TRANSCRIPT-M-M-Annual-Analyst-Meet-28th-May-2021-FINAL.pdf', 'https://www.mahindra.com/resources/investor-reports/FY21/Earnings%20Update/TRANSCRIPT-M-M-Q3FY21-Earnings-call-5th-Feb-2021-FINAL.pdf', 'https://www.mahindra.com/resources/investor-reports/FY21/Earnings%20Update/TRANSCRIPT-M-M-Q2FY21-Earnings-call-10th-Nov-2020-FINAL.pdf', 'https://www.mahindra.com/resources/investor-reports/FY21/Earnings%20Update/TRANSCRIPT-M&M-Q1FY21-Earnings-call-7-Aug-2020.pdf', 'https://www.mahindra.com/resources/investor-reports/FY20/Earnings%20Update/TRANSCRIPT-M-M-Q3FY20-Earnings-Call-11th-Feb-2020.pdf', 'https://www.mahindra.com/resources/investor-reports/FY20/Earnings%20Update/TRANSCRIPT-MM-Q2FY20-Earnings-Call-8th-Nov-2019.pdf', 'https://www.mahindra.com/resources/investor-reports/FY20/Earnings%20Update/TRANSCRIPT-M-M-Q1FY20-Earnings-Con-call-7th-Aug-2019.pdf', 'https://www.mahindra.com/resources/investor-reports/FY19/Earnings%20Update/TRANSCRIPT-MM-Q3FY19-Earnings-Call-8th%20Feb-2019-FINAL.pdf', 'https://www.mahindra.com/resources/investor-reports/FY19/Earnings%20Update/TRANSCRIPT-M&M-Q2FY19-Earnings-Con-call-14th-Nov-2018-FINAL.pdf', 'https://www.mahindra.com/resources/investor-reports/FY19/Earnings%20Update/TRANSCRIPT-MM-Q1FY19-Earnings-Call-7th-Aug-2018-FINAL.pdf', 'https://www.mahindra.com/resources/investor-reports/FY18/Earnings%20Update/TRANSCRIPT-MM-Q3FY18-Earnings-Con-call-9th-Feb-2018-FINAL.pdf', 'https://www.mahindra.com/resources/investor-reports/FY18/Earnings%20Update/M-and-M-Q2FY18-Earnings-Call-Transcript.pdf', 'https://www.mahindra.com/resources/investor-reports/FY18/Earnings%20Update/TRANSCRIPT-MandM-Q1FY18-Earnings-Call-04-Aug-2017.pdf', 'https://www.mahindra.com/resources/investor-reports/FY17/Earnings%20Update/TRANSCRIPT-M&M-Q2FY17-Earnings-Call-11th-Nov-2016-FINAL.pdf', 'https://www.mahindra.com/resources/investor-reports/FY17/Earnings%20Update/TRANSCRIPT-M&M-Q1FY17-Earnings-Conference-Call-10th-Aug-2016-FINAL.pdf']"
19,LTIM,"['https://www.bseindia.com/xml-data/corpfiling/AttachHis/05c977ac-349f-4d9f-bc92-699d657d12ec.pdf', 'https://www.bseindia.com/stockinfo/AnnPdfOpen.aspx?Pname=1075737f-49c4-4a09-b844-a8617258a991.pdf', 'https://www.bseindia.com/stockinfo/AnnPdfOpen.aspx?Pname=1206435e-93f8-48f0-a37e-8eaac76cdb75.pdf', 'https://www.bseindia.com/stockinfo/AnnPdfOpen.aspx?Pname=f8e91b93-b01d-4813-80de-c149f1411618.pdf', 'https://www.bseindia.com/stockinfo/AnnPdfOpen.aspx?Pname=7e7df2e3-9628-467d-82dd-8b7ca2c806f8.pdf', 'https://www.bseindia.com/stockinfo/AnnPdfOpen.aspx?Pname=e20de2ac-c9d3-43c3-be45-25d5943af4ad.pdf', 'https://www.bseindia.com/stockinfo/AnnPdfOpen.aspx?Pname=127349f5-965d-450d-b6ef-313fc0d8a8d2.pdf', 'https://www.bseindia.com/stockinfo/AnnPdfOpen.aspx?Pname=d056134d-b064-4657-a13e-ec04a81dfb65.pdf', 'https://www.bseindia.com/stockinfo/AnnPdfOpen.aspx?Pname=3e1ef5f3-73b7-4456-96a1-a6e4d455034b.pdf', 'https://www.bseindia.com/stockinfo/AnnPdfOpen.aspx?Pname=43ede29c-d684-4b50-a09f-afb0ab859d6f.pdf', 'https://www.bseindia.com/stockinfo/AnnPdfOpen.aspx?Pname=92474278-977f-4f53-9684-6fa786de949c.pdf', 'https://www.bseindia.com/stockinfo/AnnPdfOpen.aspx?Pname=8342fb9b-7309-4fc3-a2d8-f99c9ad843a0.pdf', 'https://www.bseindia.com/stockinfo/AnnPdfOpen.aspx?Pname=a33c93e6-9975-463e-9091-aa4f3f2231de.pdf', 'https://www.bseindia.com/stockinfo/AnnPdfOpen.aspx?Pname=8b23913f-7486-4bee-b271-79570b4e1e28.pdf', 'https://www.bseindia.com/stockinfo/AnnPdfOpen.aspx?Pname=b76558ec-9048-4062-9715-c28131d257c5.pdf', 'https://www.bseindia.com/stockinfo/AnnPdfOpen.aspx?Pname=3670da41-06b8-49bb-bda0-91505c683065.pdf', 'https://www.bseindia.com/stockinfo/AnnPdfOpen.aspx?Pname=a4f1bbb9-35d8-40d5-b2d8-c00f1f1f01d2.pdf', 'https://www.bseindia.com/stockinfo/AnnPdfOpen.aspx?Pname=a42942d6-7f69-483a-80bb-0a9728304c1d.pdf', 'https://www.bseindia.com/stockinfo/AnnPdfOpen.aspx?Pname=c1ff239e-f7f8-48d0-bb6a-3697d99f48a2.pdf', 'https://www.bseindia.com/stockinfo/AnnPdfOpen.aspx?Pname=0f051c3e-f0c9-408c-a553-ea8c8343cb72.pdf', 'https://www.bseindia.com/stockinfo/AnnPdfOpen.aspx?Pname=d6fd1a62-7c51-4f82-8cd8-f889cbb31a5a.pdf', 'https://www.bseindia.com/stockinfo/AnnPdfOpen.aspx?Pname=7b33e7d2-fdf9-41a8-8a6e-931f940527d8.pdf', 'https://www.lntinfotech.com/wp-content/uploads/2018/06/LTI-Q4FY18-Earnings-Call-Transcript_v.1.pdf', 'https://www.lntinfotech.com/wp-content/uploads/2018/02/LTI_Earnings_Call_Transcript-Q3FY18.pdf', 'https://www.lntinfotech.com/wp-content/uploads/2017/11/LTI_Q2-FY18-Earnings-Call-Transcript.pdf', 'https://www.bseindia.com/stockinfo/AnnPdfOpen.aspx?Pname=4f77e215-6665-4b16-89a0-ac44ef1a118e.pdf', 'https://www.lntinfotech.com/wp-content/uploads/2017/08/LTI_Q1FY18-Earnings-Call-Transcript.pdf', 'https://www.lntinfotech.com/wp-content/uploads/2017/05/LTI-Q4FY17-Earnings-Call-Transcript.pdf', 'https://www.lntinfotech.com/wp-content/uploads/2017/05/LT-Infotech-Q3FY17-Earnings-Call-Transcript-3.pdf', 'https://www.bseindia.com/stockinfo/AnnPdfOpen.aspx?Pname=D80AF48A_C967_4514_9B60_0AF31DFCA98C_165717.pdf', 'https://www.lntinfotech.com/wp-content/uploads/2017/04/LTI-Q1FY17-Earnings-Call-Transcript_29072016-2.pdf']"
20,LT,"['https://investors.larsentoubro.com/upload/Analysttrans/FY2024AnalysttransL&T%20Transcript%20Q2FY24.pdf', 'https://investors.larsentoubro.com/upload/Analysttrans/FY2024AnalysttransL&T%20Q1FY24%20Earnings%20Call%20Transcript.pdf', 'https://investors.larsentoubro.com/upload/Analysttrans/FY2023AnalysttransL&T%20Transcript%20Q4FY23.pdf', 'https://investors.larsentoubro.com/upload/Analysttrans/FY2023AnalysttransL&T%20Earnings%20Call%20Transcript%20Q3FY23.pdf', 'https://investors.larsentoubro.com/upload/Analysttrans/FY2022AnalysttransL&T%20Q3%20FY22%20Earnings%20Call%20Transcript.pdf', 'https://investors.larsentoubro.com/upload/Analysttrans/FY2022AnalysttransL&T%20Q2FY22%20Earnings%20Call%20Transcript.pdf', 'https://investors.larsentoubro.com/upload/Analysttrans/FY2022AnalysttransEarnings%20Call%20transcripts%20Q1%20FY22.pdf', 'https://investors.larsentoubro.com/upload/Analysttrans/FY2021AnalysttransEarning%20Call%20Transcript%20Q3FY21.pdf', 'https://investors.larsentoubro.com/upload/Analysttrans/FY2021AnalysttransQ1%20FY21%20Earnings%20Call%20Transcript.pdf', 'https://investors.larsentoubro.com/upload/Analysttrans/FY2020AnalysttransQ4%20FY20%20Earnings%20Call%20Transcript.pdf', 'https://investors.larsentoubro.com/upload/Analysttrans/FY2020AnalysttransLT-Earnings-Jan22-2020.pdf', 'https://investors.larsentoubro.com/upload/Analysttrans/FY2021AnalysttransQ2%20FY21%20Earnings%20Call%20Transcript.pdf', 'https://investors.larsentoubro.com/upload/Analysttrans/FY2020AnalysttransLT-Transcript-Q1%20FY20.pdf', 'https://investors.larsentoubro.com/upload/Analysttrans/FY2021AnalysttransEarnings%20Call%20Transripts%20-%20Q4FY21.pdf', 'https://investors.larsentoubro.com/upload/Analysttrans/FY2019AnalysttransLNT%20Transcript%20Earnings%20ConCall%2025Jan2019.pdf', 'https://investors.larsentoubro.com/upload/Analysttrans/FY2019AnalysttransL&T%20Q2FY19%20Conference%20Call%20Transcript.pdf', 'https://investors.larsentoubro.com/upload/Analysttrans/FY2019AnalysttransQ1FY19%20Transcript%20.pdf', 'https://investors.larsentoubro.com/upload/Analysttrans/FY2018AnalysttransLNT%20Q3FY18%20Transcript.pdf', 'https://investors.larsentoubro.com/upload/Analysttrans/FY2018AnalysttransEarnings%20call%20transcript-%20Q2%20FY18.pdf', 'https://investors.larsentoubro.com/upload/Analysttrans/FY2018AnalysttransEarnings%20Call%20Transcript%20Q1%20FY18.pdf', 'https://investors.larsentoubro.com/upload/Analysttrans/FY2024AnalysttransL&T%20Transcript%20Q2FY24.pdf']"
21,KOTAKBANK,"['https://www.kotak.com/content/dam/Kotak/investor-relation/Financial-Result/QuarterlyReport/FY-2024/q2/Transcript/Q2FY24-Transcript.pdf', 'https://www.kotak.com/content/dam/Kotak/investor-relation/Financial-Result/QuarterlyReport/FY-2024/q1/transcript/Q1FY24-Transcript.pdf', 'https://www.kotak.com/content/dam/Kotak/investor-relation/Financial-Result/QuarterlyReport/FY-2023/q4/transcript/Q4FY23-Transcript.pdf', 'https://www.kotak.com/content/dam/Kotak/investor-relation/Financial-Result/QuarterlyReport/FY-2022/q2/transcript/Transcript_Q2FY22.pdf', 'https://www.kotak.com/content/dam/Kotak/investor-relation/Financial-Result/QuarterlyReport/FY-2022/q1/Transcript/Transcript-Q1FY22.pdf', 'https://www.kotak.com/content/dam/Kotak/investor-relation/Financial-Result/QuarterlyReport/FY-2021/q4/transcript/fy21q4-transcript.pdf', 'https://www.kotak.com/content/dam/Kotak/investor-relation/Financial-Result/QuarterlyReport/FY-2021/q3/Transcript/Q3FY21-Transcript.pdf', 'https://www.kotak.com/content/dam/Kotak/investor-relation/Financial-Result/QuarterlyReport/FY-2021/q2/transcript/q2fy21-transcript.pdf', 'https://www.kotak.com/content/dam/Kotak/investor-relation/Financial-Result/QuarterlyReport/FY-2021/q1/Transcript/Transcript-Q1FY21.pdf', 'https://www.kotak.com/content/dam/Kotak/investor-relation/Financial-Result/QuarterlyReport/FY-2020/q4/transcript/Q4FY20-transcript.pdf', 'https://www.kotak.com/content/dam/Kotak/investor-relation/Financial-Result/QuarterlyReport/FY-2020/q3/Transcript/Q3FY20-Transcript.pdf', 'https://www.kotak.com/content/dam/Kotak/investor-relation/Financial-Result/QuarterlyReport/FY-2020/q2/Transcript/Q2FY20_Transcript.pdf', 'https://www.kotak.com/content/dam/Kotak/investor-relation/Financial-Result/QuarterlyReport/FY-2020/q1/transcript/Q1FY20_Transcript.pdf', 'https://www.kotak.com/content/dam/Kotak/investor-relation/Financial-Result/QuarterlyReport/FY-2019/q4/transcript/Q4FY19-Transcript.pdf', 'https://www.kotak.com/content/dam/Kotak/investor-relation/Financial-Result/QuarterlyReport/FY-2019/q3/Transcript/Q3FY19-Transcript.pdf', 'https://www.kotak.com/content/dam/Kotak/investor-relation/Financial-Result/QuarterlyReport/FY-2019/q2/Transcript/Q2FY19-Transcript.pdf', 'https://www.kotak.com/content/dam/Kotak/investor-relation/Financial-Result/QuarterlyReport/FY-2019/q1/Transcript/Q1FY19_Transcript.pdf', 'https://www.kotak.com/content/dam/Kotak/investor-relation/Financial-Result/QuarterlyReport/FY-2018/q4/Transcript/Q4FY18-Transcript.pdf', 'https://www.kotak.com/content/dam/Kotak/investor-relation/Financial-Result/QuarterlyReport/FY-2018/q3/Transcript/transcript-q3fy18.pdf', 'https://www.kotak.com/content/dam/Kotak/investor-relation/Financial-Result/QuarterlyReport/FY-2018/q2/Transcript/transcript_q2fy18.pdf', 'https://www.kotak.com/content/dam/Kotak/investor-relation/Financial-Result/QuarterlyReport/FY-2017/q4/Transcript/script_q4fy17.pdf', 'https://www.kotak.com/content/dam/Kotak/investor-relation/Financial-Result/QuarterlyReport/FY-2017/q3/Transcript/script_q3fy17.pdf', 'https://www.kotak.com/content/dam/Kotak/investor-relation/Financial-Result/QuarterlyReport/FY-2017/q2/Transcript/script_q2fy17.pdf', 'https://www.kotak.com/content/dam/Kotak/investor-relation/Financial-Result/QuarterlyReport/FY-2017/q1/Transcript/script_q1fy17.pdf', 'https://www.kotak.com/content/dam/Kotak/investor-relation/Financial-Result/QuarterlyReport/FY-2016/q4/Transcript/script_q4fy16.pdf', 'https://www.kotak.com/content/dam/Kotak/investor-relation/Financial-Result/QuarterlyReport/FY-2016/q3/Transcript/script_q3fy16.pdf', 'https://www.kotak.com/content/dam/Kotak/investor-relation/Financial-Result/QuarterlyReport/FY-2016/q2/Transcript/script_q2fy16.pdf']"
22,JSWSTEEL,"['https://www.jswsteel.in/sites/default/files/assets/industry/steel/IR/Financial%20Performance/Financials/2023-24/Q2/JSWSteel-call-transcript-2Q-2024.pdf', 'https://www.jswsteel.in/sites/default/files/assets/industry/steel/IR/Financial%20Performance/Financials/2023-24/Q1/Q1-FY24-Earnings-call-transcript-Jul21-2023VF-v2.pdf', 'https://www.bseindia.com/stockinfo/AnnPdfOpen.aspx?Pname=c230e1ac-cc81-4547-9716-b94ffb48e92e.pdf', 'https://www.jswsteel.in/sites/default/files/assets/industry/steel/IR/Financial%20Performance/Financials/2021-22/Q1/JSW_Steel_Q1_FY22_Earnings_Transcript.pdf', 'https://www.jswsteel.in/sites/default/files/assets/industry/steel/IR/Financial%20Performance/Financials/2020-21/Q4/JSWSteel-Q4%20FY21%20Earnings%20call%20Transcript.pdf', 'https://www.jsw.in/sites/default/files/assets/industry/steel/IR/Financial%20Performance/Financials/2020-21/Q3/JSW_Steel_Q3FY21_Earnings_Call_transcript.pdf', 'https://www.jsw.in/sites/default/files/assets/industry/steel/IR/Financial%20Performance/Financials/2020-21/Q2/JSWSteel-Q2FY-21-Transcript-Oct23-2020.pdf', 'https://www.jsw.in/sites/default/files/assets/industry/steel/IR/Financial%20Performance/Financials/2020-21/Q1/JSWSteel-Q1%20FY21%20results%20transcript.pdf', 'https://www.jsw.in/sites/default/files/assets/industry/steel/IR/Financial%20Performance/Financials/2019-20/Q4/JSW%20Steel_Q4FY20%20Transcript.pdf', 'https://www.jsw.in/sites/default/files/assets/industry/steel/IR/Financial%20Performance/Financials/2019-20/q3/JSWSteel_Q3-FY20-Transcript-24Jan-2020.pdf', 'https://www.jsw.in/sites/default/files/assets/industry/steel/IR/Financial%20Performance/Financials/2019-20/q2/JSWSteel-Q2-FY-20-Earnings-Transcript.pdf', 'https://www.jsw.in/sites/default/files/assets/industry/steel/IR/Financial%20Performance/Financials/2019-20/q1/Q1-FY2020_JSWSteel-26Jul-2019.pdf', 'https://www.jsw.in/sites/default/files/assets/industry/steel/IR/Financial%20Performance/Financials/2018-19/Q4/Transcript_Q4_19.pdf', 'https://www.jsw.in/sites/default/files/assets/industry/steel/IR/Financial%20Performance/Financials/2018-19/Q3/JSWSteel-Q3-FY2019_Call_Transcript.pdf', 'https://www.jsw.in/sites/default/files/assets/industry/steel/IR/Financial%20Performance/Financials/2018-19/Q2/JSWSteel-Q2-FY-19-Earnings-Transcript.pdf', 'https://www.jsw.in/sites/default/files/assets/industry/steel/IR/Financial%20Performance/Financials/2018-19/Q1/Q1_FY19_Transcript_25July_2018.pdf', 'https://www.jsw.in/sites/default/files/assets/industry/steel/IR/Financial%20Performance/Financials/2017-18/Q4/Q4FY2018_Call_Transcript.pdf', 'https://www.jsw.in/sites/default/files/assets/industry/steel/IR/Financial%20Performance/Financials/2017-18/Q3/JSW%20Steel%20Q3%20FY18%20results%20call%20transcript.pdf', 'https://www.jsw.in/sites/default/files/assets/industry/steel/IR/Financial%20Performance/Financials/2017-18/Q2/JSW%20Steel%20Q2%20FY18%20results%20call%20transcript.pdf', 'https://www.jsw.in/sites/default/files/assets/industry/steel/IR/Financial%20Performance/Financials/2017-18/Q1/JSW%20Steel%20-%201QFY18%20results%20conference%20call%20transcript.pdf', 'https://www.jsw.in/sites/default/files/assets/industry/steel/IR/Financial%20Performance/Financials/2016-17/Q4/JSW%20Steel%20-%204QFY17%20results%20conference%20call%20transcript.pdf', 'https://www.jsw.in/sites/default/files/assets/industry/steel/IR/Corporate%20Announcement/JSW%20Steel_3QFY17%20results%20conference%20call%20transcript.pdf', 'https://www.jsw.in/sites/default/files/assets/Transcript_JSW_Steel_-_2QFY17_Earning_Call_Transcript.pdf', 'https://www.jsw.in/sites/default/files/assets/industry/steel/IR/Financial%20Performance/Financials/2016-17/Q1/JSW%20Steel%20-%201QFY17%20Earning%20Call%20Transcript-040816.pdf', 'https://www.jsw.in/sites/default/files/assets/industry/steel/IR/Financial%20Performance/Financials/2015-16/Q3%20Transcript%2016.pdf']"
23,ITC,[]
24,INFY,"['https://www.bseindia.com/stockinfo/AnnPdfOpen.aspx?Pname=5bbf010d-5cd7-4d88-a75f-28e72e22c6ab.pdf', 'https://www.bseindia.com/stockinfo/AnnPdfOpen.aspx?Pname=318c3091-9847-46ea-b9ae-1a54441e99e6.pdf', 'https://www.bseindia.com/stockinfo/AnnPdfOpen.aspx?Pname=e7de8466-119e-4bdc-b3c4-bd706d87f104.pdf', 'https://www.bseindia.com/stockinfo/AnnPdfOpen.aspx?Pname=c94d45c5-a44a-49d9-89af-6ef6532c4a30.pdf', 'https://www.bseindia.com/stockinfo/AnnPdfOpen.aspx?Pname=01712d63-9662-4355-8b54-0534f66678d8.pdf', 'https://www.bseindia.com/stockinfo/AnnPdfOpen.aspx?Pname=48580c91-e22d-4d3c-aa9f-56c255914c14.pdf', 'https://www.bseindia.com/stockinfo/AnnPdfOpen.aspx?Pname=55d91053-dd92-4ca3-bd1d-4e419043f37a.pdf', 'https://www.bseindia.com/stockinfo/AnnPdfOpen.aspx?Pname=c07b78e8-687e-47ef-a212-41f9057b81ea.pdf', 'https://www.bseindia.com/stockinfo/AnnPdfOpen.aspx?Pname=28eec8d6-de9e-4e4d-92d8-beff066c9b25.pdf', 'https://www.infosys.com/investors/reports-filings/quarterly-results/2021-2022/q1/documents/transcripts/press-conference.pdf', 'https://www.bseindia.com/stockinfo/AnnPdfOpen.aspx?Pname=b4351d41-294f-4958-918d-8aadbe7d85fa.pdf', 'https://www.infosys.com/investors/reports-filings/quarterly-results/2020-2021/q3/documents/transcripts/earningscall.pdf', 'https://www.bseindia.com/stockinfo/AnnPdfOpen.aspx?Pname=6d098032-b341-4fb0-afdd-ef1f4c7a2993.pdf', 'https://www.bseindia.com/stockinfo/AnnPdfOpen.aspx?Pname=1186b66a-e330-4893-85d3-e0d1cf3651d7.pdf', 'https://www.bseindia.com/stockinfo/AnnPdfOpen.aspx?Pname=51df047f-a5f4-433e-9590-85f7e4eb3e1e.pdf', 'https://www.bseindia.com/stockinfo/AnnPdfOpen.aspx?Pname=099b31b8-af67-4383-abaf-57f0586a9fc9.pdf', 'https://www.bseindia.com/stockinfo/AnnPdfOpen.aspx?Pname=f4f9e6fe-28aa-4c0e-a8c9-391529bb8470.pdf', 'https://www.bseindia.com/stockinfo/AnnPdfOpen.aspx?Pname=f22533cc-2858-4970-87e5-d73ee33be876.pdf', 'https://www.bseindia.com/stockinfo/AnnPdfOpen.aspx?Pname=d248deb8-646e-421e-98a9-19786e4b5e7c.pdf', 'https://www.bseindia.com/stockinfo/AnnPdfOpen.aspx?Pname=f39ce20f-2791-447f-8b82-6bf8cb2d824a.pdf', 'https://www.bseindia.com/stockinfo/AnnPdfOpen.aspx?Pname=47dce35f-9841-4e10-a7b7-873a36b66c96.pdf', 'https://www.bseindia.com/stockinfo/AnnPdfOpen.aspx?Pname=d55691d6-ecda-4bef-8154-e9f900d04ff6.pdf', 'https://www.bseindia.com/stockinfo/AnnPdfOpen.aspx?Pname=9b397865-58d5-471b-b18b-7334bc82b8f8.pdf', 'https://www.bseindia.com/stockinfo/AnnPdfOpen.aspx?Pname=06638C47_0BFD_4015_976A_B02AAF0995E0_153112.pdf', 'https://www.bseindia.com/stockinfo/AnnPdfOpen.aspx?Pname=B2AA21F4_3755_4750_82B7_15DDF1FDA788_174755.pdf']"
25,INDUSINDBK,"['https://www.indusind.com/content/dam/indusind-corporate/investors/QuarterFinancialResults/FY2023-2024/Quarter1/Analyst-Call-Transcript-Q1FY24.pdf', 'https://www.indusind.com/content/dam/indusind-corporate/investors/QuarterFinancialResults/FY2022-2023/Quarter4/Analyst-Call-Transcript-Q4FY23.pdf', 'https://www.indusind.com/content/dam/indusind-corporate/investors/QuarterFinancialResults/FY2022-2023/Quarter3/IndusInd_Bank_Earnings_Call_Q3FY23_20230118.pdf', 'https://www.indusind.com/content/dam/indusind-corporate/investors/QuarterFinancialResults/FY2022-2023/Quarter2/IndusInd-Bank-Earnings-Call-Q2FY23-20221019.pdf', 'https://www.indusind.com/content/dam/indusind-corporate/investors/QuarterFinancialResults/FY2022-2023/Quarter1/IndusInd-Bank-Earnings-Call-Q1FY23-20220720.pdf', 'https://www.indusind.com/content/dam/indusind-corporate/investors/QuarterFinancialResults/FY2021-2022/Quarter4/IndusInd-Bank-Earnings-Call-Q4FY22-29042022.pdf', 'https://www.indusind.com/content/dam/indusind-corporate/investors/QuarterFinancialResults/FY2021-2022/Quarter3/IndusIndBank-EarningsCall_Q3FY22_20220129.pdf', 'https://www.indusind.com/content/dam/indusind-corporate/investors/QuarterFinancialResults/FY2021-2022/Quarter2/IBLQ2FY22AnalystCallTranscript.pdf', 'https://www.indusind.com/content/dam/indusind-corporate/investors/QuarterFinancialResults/FY2021-2022/quarter1/IBL-Q1-FY22-AnalystConferenceCall.pdf', 'https://www.indusind.com/content/dam/indusind-corporate/investors/QuarterFinancialResults/FY2020-2021/Quarter1/TranscriptAnalystCallQ1FY21.pdf', 'https://www.indusind.com/content/dam/indusind-corporate/investors/QuarterFinancialResults/FY2019-2020/Quarter4/IndusInd-Q4-FY20-AnalystCallTranscript.pdf', 'https://www.indusind.com/content/dam/indusind-corporate/investors/QuarterFinancialResults/FY2019-2020/Quarter3/Transcript-Analyst-CallQ3FY20.pdf', 'https://www.indusind.com/content/dam/indusind-corporate/investors/QuarterFinancialResults/FY2019-2020/Quarter2/TranscriptAnalystCall-Q2FY20.pdf', 'https://www.indusind.com/content/dam/indusind-corporate/investors/QuarterFinancialResults/FY2018-2019/Quarter4/transcript-analyst-meet-Q4FY19.pdf', 'https://www.indusind.com/content/dam/indusind-corporate/investors/QuarterFinancialResults/FY2018-2019/Quarter3/transcript-analyst-call-Q3FY19.pdf', 'https://www.indusind.com/content/dam/indusind-corporate/investors/QuarterFinancialResults/FY2018-2019/Quarter2/IndusIndBank-AnalystCall-Nov01-2018.pdf', 'https://www.indusind.com/content/dam/indusind-corporate/investors/QuarterFinancialResults/FY2018-2019/Quarter2/transcript-analyst-call-Q2FY19.pdf', 'https://www.indusind.com/content/dam/indusind-corporate/investors/QuarterFinancialResults/FY2017-2018/Quarter4/Analyst-call-transcript-Q4-FY18.pdf', 'https://www.indusind.com/content/dam/indusind-corporate/investors/QuarterFinancialResults/FY2017-2018/Quarter3/analyst-call-transcript-q3fy18.pdf', 'https://www.indusind.com/content/dam/indusind-corporate/investors/QuarterFinancialResults/FY2017-2018/Quarter2/analyst-call-transcript-q2fy18.pdf', 'https://www.indusind.com/content/dam/indusind-corporate/investors/QuarterFinancialResults/FY2016-2017/Quarter3/Q3FY17-conference-call-transcript.pdf', 'https://www.indusind.com/content/dam/indusind-corporate/investors/QuarterFinancialResults/FY2016-2017/Quarter2/Q2FY17-conference-call-transcript.pdf', 'https://www.indusind.com/content/dam/indusind-corporate/investors/QuarterFinancialResults/FY2015-2016/Quarter4/Analyst-Call-Transcript-Q4FY16.pdf', 'https://www.indusind.com/content/dam/indusind-corporate/investors/QuarterFinancialResults/FY2015-2016/Quarter3/Q3-FY16-Analyst-Call-Transcript.pdf']"
26,ICICIBANK,"['https://www.icicibank.com/content/dam/icicibank/india/managed-assets/docs/about-us/2024/2023-10-icici-bank-transcript-for-analyst-call-held-on-october-21-2023.pdf', 'https://www.icicibank.com/content/dam/icicibank/india/managed-assets/images/about-us/investor/quarterly-financial-results/2023/2023_07_ICICI-Bank-Transcript-for-Analyst-Call-held-on-July-22-2023.pdf', 'https://www.icicibank.com/content/dam/icicibank/india/managed-assets/images/about-us/investor/quarterly-financial-results/2023/2023_04_q4-2023_earnings-call-transcript.pdf', 'https://www.icicibank.com/content/dam/icicibank/india/managed-assets/images/about-us/investor/quarterly-financial-results/2023/2023_01_q3-2023_earnings-call-transcript.pdf', 'https://www.bseindia.com/stockinfo/AnnPdfOpen.aspx?Pname=00f6cc4e-42da-4f40-8c52-a54acd04456e.pdf', 'https://www.bseindia.com/stockinfo/AnnPdfOpen.aspx?Pname=c0f4a75f-8301-438a-845d-f6d2ca93a375.pdf', 'https://www.bseindia.com/stockinfo/AnnPdfOpen.aspx?Pname=9f0855e7-7cd9-436f-91e7-4671e9d5b8d7.pdf', 'https://www.bseindia.com/stockinfo/AnnPdfOpen.aspx?Pname=f955f01c-d864-43a7-ac60-8c29022925dd.pdf', 'https://www.bseindia.com/stockinfo/AnnPdfOpen.aspx?Pname=24632c16-481c-4072-8d31-a1f2cb1e3fb5.pdf', 'https://www.icicibank.com/managed-assets/docs/investor/quarterly-financial-results/2022/Transcript-for-Analyst-Call-held-on-July-24-2021.pdf', 'https://www.icicibank.com/managed-assets/docs/investor/quarterly-financial-results/2021/2021_04_Q4-2021_Opening_Remarks.pdf', 'https://www.icicibank.com/managed-assets/docs/investor/quarterly-financial-results/2021/2021_01_Q3-2021_Opening_Remarks.pdf', 'https://www.icicibank.com/managed-assets/docs/investor/quarterly-financial-results/2021/ICICI-Bank-Transcript-for-Analyst-Call-held-on-Oct-31-2020.pdf', 'https://www.icicibank.com/managed-assets/docs/investor/quarterly-financial-results/2021/ICICI-Bank-Transcript-for-Analyst-Call-held-on-July-25-2020.pdf', 'https://www.icicibank.com/managed-assets/docs/investor/quarterly-financial-results/2020/ICICI-Bank-Transcript-for-Analyst-Call-held-on-May-9-2020.pdf', 'https://www.icicibank.com/managed-assets/docs/investor/quarterly-financial-results/2020/2020-01-Q3-2020-earnings-call-transcript.pdf', 'https://www.icicibank.com/managed-assets/docs/investor/quarterly-financial-results/2019/2019-10-Q2-2020_earnings_call_transcript.pdf', 'https://www.icicibank.com/managed-assets/docs/investor/quarterly-financial-results/2019/2019-07-Q1-2020_earnings_call_transcript.pdf', 'https://www.icicibank.com/managed-assets/docs/investor/quarterly-financial-results/2019/2019-05-Q4-2019_earnings_call_transcript.pdf', 'https://www.icicibank.com/managed-assets/docs/investor/quarterly-financial-results/2019/2019-1-Q3-2019-earnings-call-transcript.pdf', 'https://www.icicibank.com/managed-assets/docs/investor/quarterly-financial-results/2018/2018_07_Q2-2019_Call-transcript.pdf', 'https://www.icicibank.com/managed-assets/docs/investor/quarterly-financial-results/2018/2018_07_Q1-2019_Call-transcript.pdf', 'https://www.icicibank.com/managed-assets/docs/investor/quarterly-financial-results/2018/2018-05_Q4-2018-call-transcript.pdf', 'https://www.icicibank.com/managed-assets/docs/investor/quarterly-financial-results/2018/2018_01_Q3-2018_analyst-call-transcript.pdf', 'https://www.icicibank.com/managed-assets/docs/investor/quarterly-financial-results/2018/2017-10-Q2-2018-analyst-call-transcript.pdf', 'https://www.icicibank.com/managed-assets/docs/investor/quarterly-financial-results/2018/2017-07-Q1-2018-Earnings-call-transcript.pdf', 'https://www.icicibank.com/managed-assets/docs/investor/quarterly-financial-results/2017/2017_05_Q4-2017_Earnings_call_transcript_ICICIBank.pdf', 'https://www.icicibank.com/managed-assets/docs/investor/quarterly-financial-results/2017/2016-10-Q2-2017-opening-remarks-of-analyst-call.pdf', 'https://www.icicibank.com/managed-assets/docs/investor/quarterly-financial-results/2017/2016-07-Q1-2017-analyst-call-transcript.pdf', 'https://www.icicibank.com/managed-assets/docs/investor/quarterly-financial-results/2016/2016-05-Q4-2016-analyst-call-transcript.pdf']"
27,HINDUNILVR,"['https://www.bseindia.com/xml-data/corpfiling/AttachHis/2f59b46e-c8fe-4871-b761-98278441c937.pdf', 'https://www.bseindia.com/stockinfo/AnnPdfOpen.aspx?Pname=57bcb160-d3b1-46e3-ad5c-f2f342952088.pdf', 'https://www.hul.co.in/files/0bb086b3-f169-4234-bc36-1e00877299f0/hindustanunilever-earnings-apr27-2023.pdf', 'https://www.bseindia.com/stockinfo/AnnPdfOpen.aspx?Pname=477797ab-0565-4314-a87c-4e288a06b75a.pdf', 'https://www.hul.co.in/files/f0c11f08-5cae-4371-8884-318b75e0e0b3/mq-22-transcript-vf-wgtujv.pdf', 'https://www.hul.co.in/files/origin/1aa46faf6c75f0c29f869643e40f1e1424a858e7.pdf/dq-21-transcript-vf-upsn3u.pdf', 'https://www.hul.co.in/Images/mq-21_transcript_vf_tcm1255-561362_1_en.pdf', 'https://www.hul.co.in/Images/mq-2018-results-transcript_tcm1255-523560_en.pdf', 'https://www.hul.co.in/Images/jq-16-transcript_tcm1255-484738_en.pdf']"
28,HINDALCO,"['https://www.bseindia.com/xml-data/corpfiling/AttachHis/8176fc01-e8f0-4108-b1f8-c720904d6cc4.pdf', 'https://www.bseindia.com/stockinfo/AnnPdfOpen.aspx?Pname=a2f5edb7-36b7-4983-81bd-46219984f822.pdf', 'https://www.bseindia.com/stockinfo/AnnPdfOpen.aspx?Pname=ba80013d-9287-4589-820f-64b55c7a7968.pdf', 'https://www.bseindia.com/stockinfo/AnnPdfOpen.aspx?Pname=2cabf9b6-ce58-4d60-a003-4be15f84423c.pdf', 'http://hindalco.com/upload/pdf/hindalco-Industries-earnings-concall-transcript-q3fy22-feb-2022.pdf', 'http://hindalco.com/upload/pdf/hindalco-Industries-earnings-concall-transcript-q2fy22.pdf', 'http://www.hindalco.com/upload/pdf/hindalco-Industries-earnings-concall-transcript-q4fy21-may2021.pdf', 'http://www.hindalco.com/upload/pdf/hindalco-Industries-earnings-concall-transcript-q3fy21-feb20121.pdf', 'http://www.hindalco.com/upload/pdf/hindalco-Industries-earnings-concall-transcript-q2fy21-nov2020.pdf', 'http://www.hindalco.com/upload/pdf/hindalco-Industries-earnings-concall-transcript-q1fy21-14aug2020.pdf', 'http://www.hindalco.com/upload/pdf/hindalco-Industries-earnings-concall-transcript-q4%20fy20-june12-2020.pdf', 'http://www.hindalco.com/upload/pdf/hindalco-Industries-earnings-concall-transcript-feb12-2020.pdf', 'http://www.hindalco.com/upload/pdf/hindalco-Q2%20FY20-earning-confcall-transcript-11Nov2019.pdf', 'http://www.hindalco.com/upload/pdf/hindalco-earning-concall-transcript-aug-09-2019.pdf', 'http://www.hindalco.com/upload/pdf/hindalco-earnings-concall-transcript%20-16may2019.pdf', 'http://www.hindalco.com/upload/pdf/Hindalco_Q3%20FY19_concall%20-transcript_12Feb-2019.pdf', 'http://www.hindalco.com/upload/pdf/transcript-hindalco-earnings%20Concall_Q2%20FY19_02Nov-2018.pdf', 'http://www.hindalco.com/upload/pdf/Hindalco-Q1FY19-earnings-concall-transcriot-10Aug-2018.pdf', 'http://www.hindalco.com/upload/pdf/Q4FY18-hindalco-earnings-concall-transcript-16May18.pdf', 'http://www.hindalco.com/upload/pdf/hindalco-q3fy18-earning-script.pdf', 'http://www.hindalco.com/upload/pdf/earnings-call-transcript-q1fy18.pdf', 'http://www.hindalco.com/upload/pdf/Hindalco-call-transcript-Q4%20FY17.pdf', 'http://www.hindalco.com/upload/pdf/Hindalco-call-transcript-q3fy17.pdf', 'http://www.hindalco.com/upload/pdf/hindalco-earnings-call-transcript-12Nov16.pdf', 'http://www.hindalco.com/upload/pdf/Hindalco-earnings-call-transcript-Aug-16.pdf', 'http://www.hindalco.com/upload/pdf/hindalco_earnings_call_transcript_q4fy16.pdf', 'http://www.hindalco.com/upload/pdf/hindalco_earnings_call_transcript_Q3_FY16.pdf']"
29,HEROMOTOCO,"['https://www.bseindia.com/stockinfo/AnnPdfOpen.aspx?Pname=4dbcfe7f-7a91-4ad3-97da-5a27bafaf7dd.pdf', 'https://www.bseindia.com/stockinfo/AnnPdfOpen.aspx?Pname=0eee3cab-c2dc-4022-94c8-1e0dddb8ca3b.pdf', 'https://www.bseindia.com/stockinfo/AnnPdfOpen.aspx?Pname=850d9d4d-82c9-4d75-9916-dd8a33698d8d.pdf', 'https://www.bseindia.com/stockinfo/AnnPdfOpen.aspx?Pname=09fda3ec-5972-44d7-a34d-1a94cf9dd4c8.pdf', 'https://www.bseindia.com/stockinfo/AnnPdfOpen.aspx?Pname=492a1488-c1f8-4603-88e7-7471d1aaa751.pdf', 'https://www.bseindia.com/stockinfo/AnnPdfOpen.aspx?Pname=4f7f0899-fec7-40a4-af48-c5dfdddcae74.pdf', 'https://www.bseindia.com/stockinfo/AnnPdfOpen.aspx?Pname=892e2b49-a8eb-4851-aec9-75ad6ff93b71.pdf', 'https://www.bseindia.com/stockinfo/AnnPdfOpen.aspx?Pname=7398f5e9-491b-4535-8975-09f379e9cff4.pdf', 'https://www.heromotocorp.com/en-in/uploads/conference_call_transcription/20220219135419-Transcripts.pdf', 'https://www.heromotocorp.com/en-in/uploads/conference_call_transcription/20211120083331-Transcripts.pdf', 'https://www.heromotocorp.com/en-in/uploads/conference_call_transcription/20210819145011-Transcripts.pdf', 'https://www.heromotocorp.com/en-in/uploads/conference_call_transcription/20210510122906-Transcripts.pdf', 'https://www.heromotocorp.com/en-in/uploads/conference_call_transcription/20210212145747-Transcripts.pdf', 'https://www.heromotocorp.com/en-in/uploads/conference_call_transcription/20201109061825-Transcripts.pdf', 'https://www.heromotocorp.com/en-in/uploads/conference_call_transcription/20200824113106-Transcripts.pdf', 'https://www.heromotocorp.com/en-in/uploads/conference_call_transcription/20200623085552-Transcripts.pdf', 'https://www.heromotocorp.com/en-in/uploads/conference_call_transcription/20200405091610-Transcripts.pdf', 'https://www.heromotocorp.com/en-in/uploads/conference_call_transcription/20200304115347-Transcripts.pdf', 'https://www.heromotocorp.com/en-in/uploads/conference_call_transcription/20191101104618-Transcripts-Q2.pdf', 'https://www.heromotocorp.com/en-in/uploads/conference_call_transcription/20190809122700-Transcripts-Q1.pdf', 'https://www.heromotocorp.com/en-in/uploads/conference_call_transcription/Hero-MotoCorp-Q4-FY19-Transcript.pdf', 'https://www.heromotocorp.com/en-in/uploads/conference_call_transcription/Hero-MotoCorp-Q3-FY19-Transcript.pdf', 'https://www.heromotocorp.com/en-in/uploads/conference_call_transcription/Hero-MotoCorp-Q2-FY19-Conference-Call.pdf', 'https://www.heromotocorp.com/en-in/uploads/conference_call_transcription/Hero-MotoCorp-Q1-FY19-Conference-Call.pdf', 'https://www.heromotocorp.com/en-in/uploads/conference_call_transcription/09042018-HeroMotoCorp-Q4-FY18-Investor-Call-Transcript.pdf', 'https://www.heromotocorp.com/en-in/uploads/conference_call_transcription/20180206-HeroMotoCorp-Q3-FY18-Investor-Call-Transcript.pdf']"
30,HDFCLIFE,"['https://www.bseindia.com/xml-data/corpfiling/AttachHis/99cc881f-92f2-407f-a54b-f9ac79bcacc6.pdf', 'https://www.bseindia.com/stockinfo/AnnPdfOpen.aspx?Pname=2062a5b4-e92f-4e65-87ff-1eab03e7099d.pdf', 'https://www.bseindia.com/stockinfo/AnnPdfOpen.aspx?Pname=588b0a1b-f170-4b43-b876-5b4bfd65b393.pdf', 'https://www.bseindia.com/stockinfo/AnnPdfOpen.aspx?Pname=d47d25a4-677b-4e03-b74e-99e33ed5a59c.pdf', 'https://www.bseindia.com/stockinfo/AnnPdfOpen.aspx?Pname=4c1cd50f-79e9-4693-9465-bd3b8f4e8c25.pdf', 'https://www.bseindia.com/stockinfo/AnnPdfOpen.aspx?Pname=37f143db-eb6b-435c-86ac-731395b6335a.pdf', 'https://www.bseindia.com/stockinfo/AnnPdfOpen.aspx?Pname=c4a8826f-d800-4014-a281-14bb2b074237.pdf']"
31,HDFCBANK,"['https://www.bseindia.com/stockinfo/AnnPdfOpen.aspx?Pname=d420b35c-488c-4ea9-84ca-6183de7e29f4.pdf', 'https://www.bseindia.com/stockinfo/AnnPdfOpen.aspx?Pname=989cf3a5-9a81-458e-b0ec-7ea60cc482a7.pdf', 'https://www.bseindia.com/stockinfo/AnnPdfOpen.aspx?Pname=57e720ab-83b3-4b34-bb81-0c364e88c938.pdf', 'https://www.bseindia.com/stockinfo/AnnPdfOpen.aspx?Pname=42e79ecc-a641-4f9d-8fdc-a4dde6cefb16.pdf', 'https://www.bseindia.com/stockinfo/AnnPdfOpen.aspx?Pname=e9327050-8f62-42f3-a539-bd91f156647d.pdf', 'https://www.bseindia.com/stockinfo/AnnPdfOpen.aspx?Pname=f5ad442e-6916-47c7-ac65-c42c31df289f.pdf']"
32,HCLTECH,"['https://www.bseindia.com/stockinfo/AnnPdfOpen.aspx?Pname=bc34d91a-ac99-4f6d-877e-b2a9d7e2ced9.pdf', 'https://www.bseindia.com/stockinfo/AnnPdfOpen.aspx?Pname=42571c99-4dd4-438b-a3a1-d5fc36058c35.pdf', 'https://www.bseindia.com/stockinfo/AnnPdfOpen.aspx?Pname=c037df4d-c831-49d4-a905-18ab176a1921.pdf', 'https://www.bseindia.com/stockinfo/AnnPdfOpen.aspx?Pname=5f0287de-49c5-4052-b840-6ecef4dfd633.pdf', 'https://www.bseindia.com/stockinfo/AnnPdfOpen.aspx?Pname=f9a43851-3d9c-41eb-a9c5-e4f74020536d.pdf', 'https://www.bseindia.com/stockinfo/AnnPdfOpen.aspx?Pname=1d69bfa0-b234-4faa-81ee-1d7256d1923f.pdf', 'https://www.bseindia.com/stockinfo/AnnPdfOpen.aspx?Pname=dbf04c1b-7bbb-4387-834f-c0accd0eb946.pdf', 'https://www.bseindia.com/stockinfo/AnnPdfOpen.aspx?Pname=dd3f3c40-21d9-4b0c-85f7-f16fbf3510d1.pdf', 'https://www.hcltech.com/sites/default/files/hcl-earnings-_call_transcript_19-7-2021q1fy22.pdf', 'https://www.hcltech.com/sites/default/files/q4fy21_eanings_call_transcript.pdf', 'https://www.hcltech.com/sites/default/files/hcl_tech_q3_2021_earnings_call_transcript.pdf', 'https://www.hcltech.com/sites/default/files/hcl_tech_q2_2021_earnings_call_transcript.pdf', 'https://www.hcltech.com/sites/default/files/hcltech_q1_fy21_earnings_call_transcript_jul17_2020.pdf', 'https://www.hcltech.com/sites/default/files/hcltech-earnings-may07-2020-_new.pdf', 'https://www.hcltech.com/sites/default/files/q3_fy20_earnings_call_transcript22jan.pdf', 'https://www.hcltech.com/sites/default/files/q2fy20_earnings_conference_call_transcript.pdf', 'https://www.hcltech.com/sites/default/files/q1_analyst_transcript.pdf', 'https://www.hcltech.com/sites/default/files/q419_earnings_conference_call_transcript-20-05-19.pdf', 'https://www.hcltech.com/sites/default/files/q319_earnings_conference_call_transcript.pdf', 'https://www.hcltech.com/sites/default/files/q219_earnings_conference_call_transcript.pdf', 'https://www.hcltech.com/sites/default/files/q119_earnings_conference_call_transcriptupdated.pdf', 'https://www.hcltech.com/sites/default/files/q418_earnings_conference_call_transcript_new.pdf', 'https://www.hcltech.com/sites/default/files/q318_earnings_conference_call_transcript_new.pdf', 'https://www.hcltech.com/sites/default/files/hcl_tech_q2_2018_earnings_call_transcript.pdf', 'https://www.hcltech.com/sites/default/files/hcl_tech_q1_2018_earnings_call_transcript.pdf', 'https://www.hcltech.com/sites/default/files/hcl_tech_q4_2017_earnings_call_transcript_0.pdf', 'https://www.hcltech.com/sites/default/files/hcl_tech_q3_2017_earnings_call_transcript.pdf', 'https://www.hcltech.com/sites/default/files/hcl_tech_q2_2017_earnings_call_transcript_0.pdf', 'https://www.hcltech.com/sites/default/files/hcl_tech_q1_fy17_-_earnings_call_transcript.pdf', 'https://www.hcltech.com/sites/default/files/hcl_tech_q3_2016_transcript_1.pdf', 'https://www.hcltech.com/sites/default/files/hcl_technologies_q216_earnings_conference_call_transcript.pdf', 'https://www.hcltech.com/sites/default/files/hcl_tech_q1_fy16_transcript_19th_oct.pdf', 'https://www.hcltech.com/sites/default/files/hcl_technologies_limited_q4_annual_results_fy_2015_-_analyst_call.pdf']"
33,GRASIM,"['https://www.bseindia.com/stockinfo/AnnPdfOpen.aspx?Pname=09ecbd55-6e44-4686-8b2f-495553ade633.pdf', 'https://www.bseindia.com/stockinfo/AnnPdfOpen.aspx?Pname=016d2cd1-6a89-4ca7-bbf1-d7b1e661662e.pdf', 'https://www.bseindia.com/stockinfo/AnnPdfOpen.aspx?Pname=ff195153-8582-44f5-9d0b-fc63b78f5950.pdf', 'https://www.bseindia.com/stockinfo/AnnPdfOpen.aspx?Pname=dd033448-1c2d-49d8-816e-b5616e997006.pdf', 'https://www.bseindia.com/stockinfo/AnnPdfOpen.aspx?Pname=1ef00482-1501-4faf-a60d-cd00cbcd2fa6.pdf', 'https://www.bseindia.com/stockinfo/AnnPdfOpen.aspx?Pname=bab597fb-8498-453d-a8ef-5c0dc8edaea0.pdf', 'https://www.bseindia.com/stockinfo/AnnPdfOpen.aspx?Pname=b650b9df-ac91-482d-996f-4f0537f8a03e.pdf', 'https://www.grasim.com/Upload/PDF/grasim-industries-limited-q3fy-22-earnings-conference-call.pdf', 'https://www.grasim.com/Upload/PDF/grasimIndustries-earnings-nov12-2021.pdf', 'https://www.grasim.com/Upload/PDF/grasim-earnings-call-trancript-q1fy22.pdf', 'https://www.grasim.com/Upload/PDF/grasim-transcript-earnings-call-q4fy21.pdf', 'https://www.grasim.com/Upload/PDF/grasim-transcript-earnings-call-q3fy21.pdf', 'https://www.grasim.com/Upload/PDF/grasim-earnings-call-q2fy21-13Nov2020.pdf', 'https://www.grasim.com/Upload/PDF/grasim-earnings-call-q1fy21-13aug2020.pdf', 'https://www.grasim.com/Upload/PDF/grasim-industries-earnings-call-q4fy20-13June2020.pdf', 'https://www.grasim.com/Upload/PDF/grasim-industries-earnings-feb10-2020.pdf', 'https://www.grasim.com/Upload/PDF/grasim-Q2FY20-conference-call-transcript-nov-2019.pdf', 'https://www.grasim.com/Upload/PDF/grasim-Q1FY19-20-conference-call-transcript.pdf', 'https://www.grasim.com/Upload/PDF/grasim-industries-earnings-transcript-24may19.pdf', 'https://www.grasim.com/Upload/PDF/Q3FY19-earnings-call.zip', 'https://www.grasim.com/Upload/PDF/Q2FY19-earnings-call.zip', 'https://www.grasim.com/Upload/PDF/Q1FY19-earnings-call.zip', 'https://www.grasim.com/Upload/PDF/Q3FY18-conferencecall.zip', 'https://www.grasim.com/Upload/PDF/Q2FY17-18-conference-call.zip']"
34,EICHERMOT,"['https://www.bseindia.com/stockinfo/AnnPdfOpen.aspx?Pname=b18b8106-7a2c-42b7-ac56-72bfc33385ca.pdf', 'https://www.bseindia.com/stockinfo/AnnPdfOpen.aspx?Pname=aa9c57d0-4244-46d9-9668-9edfe2bee4f8.pdf', 'https://www.bseindia.com/stockinfo/AnnPdfOpen.aspx?Pname=362d9310-ca36-4e46-ac4a-db5e8a6a1700.pdf', 'https://www.bseindia.com/stockinfo/AnnPdfOpen.aspx?Pname=29ea8294-2af5-42ac-852b-10b39f117168.pdf', 'https://www.bseindia.com/stockinfo/AnnPdfOpen.aspx?Pname=a0e449ca-ed3d-423b-ac5d-1a27d3e1310d.pdf', 'https://www.bseindia.com/stockinfo/AnnPdfOpen.aspx?Pname=8eec0cad-3e4c-4a28-ae93-da94b41de509.pdf', 'https://www.bseindia.com/stockinfo/AnnPdfOpen.aspx?Pname=6f96193b-fce0-41d4-b23a-0b95ae3dc15e.pdf', 'https://www.eicher.in/uploads/1645519795_conference-call-transcripts-Q3.pdf', 'https://www.eicher.in/uploads/1636698383_conference-call-transcripts-Q2.pdf', 'https://www.eicher.in/uploads/1632983315_conference-call-transcripts-Q1.pdf', 'https://www.eicher.in/uploads/1622702179_conference-call-transcripts-Q4.pdf', 'http://www.eicher.in/uploads/1613731299_eicher-motors-earnings-call-transcript-for-3Q-FY-2020-21.pdf', 'http://www.eicher.in/uploads/1606471076_eicher-motors-earnings-call-transcript-for-2Q-FY-2020-21.pdf', 'http://www.eicher.in/uploads/1604902542_Eicher-Motors-Earnings-Call-Transcript-for-1Q-FY-2020-21.pdf', 'http://www.eicher.in/uploads/1592907982_Eicher%20Motors%20Earnings%20Call%20Transcript%20for%204Q%20FY%202019-20.pdf', 'http://www.eicher.in/uploads/1581395251_Eicher_Motors_Earnings_Call_Transcript_for_3Q_FY_2019-20.pdf', 'http://www.eicher.in/uploads/1574076867_Eicher_Motors_Earnings_Call_Transcript_for_2Q_FY_2019-20.pdf', 'http://www.eicher.in/uploads/1566622667_Eicher_Motors_Earnings_Call_Transcript_for_1Q_FY_2019-20.pdf', 'http://www.eicher.in/uploads/1568091380_Eicher_Motors_Earnings_Call_Transcript_for_4Q_FY_2018-19.pdf', 'http://www.eicher.in/uploads/1551154263_Eicher-motors-earnings-call-transcript-for-3Q-FY-2018-19.pdf', 'http://www.eicher.in/uploads/1542974116_Eicher_Motors_Earnings_Call_Transcript_for_2Q_FY_2018-19.pdf', 'http://www.eicher.in/uploads/1534392780_Eicher_Motors_Earnings_Call_Transcript_for_1Q_FY_2018-19.pdf', 'http://www.eicher.in/uploads/1532327065_Eicher_Motors_Earnings_Call_Transcript_for_4Q_FY_2017-18.pdf', 'http://www.eicher.in/uploads/1532326923_Eicher_Motors_Earnings_Call_Transcript_for_3Q_FY_2017-18.pdf', 'http://www.eicher.in/uploads/1532326857_Eicher_Motors_Earnings_Call_Transcript_for_2Q_FY_2017-18.pdf', 'http://www.eicher.in/uploads/1532521344_Eicher_Motors_Earnings_Call_Transcript_for_1Q_FY_2017-18.pdf', 'http://www.eicher.in/uploads/1532170858_Eicher_Motors_Earnings_Call_Transcript_for_4Q_FY_2016-17.pdf', 'http://www.eicher.in/uploads/1532170858_Eicher_Motors_Earnings_Call_Transcript_for_1Q_FY_2016-17.pdf', 'http://www.eicher.in/uploads/1532166297_Eicher_Motors_Earnings_Call_Transcript_for_5Q_FY_2015-16.pdf']"
35,DRREDDY,"['https://www.bseindia.com/stockinfo/AnnPdfOpen.aspx?Pname=29da498c-abc9-4d35-a023-4faa81a6a3ad.pdf', 'https://www.bseindia.com/stockinfo/AnnPdfOpen.aspx?Pname=2008f3a2-a722-4129-83f1-ba1d581a4775.pdf', 'https://www.bseindia.com/stockinfo/AnnPdfOpen.aspx?Pname=41545471-d094-48b8-a623-25399fc999c4.pdf', 'https://www.bseindia.com/stockinfo/AnnPdfOpen.aspx?Pname=fae1a21e-e7a1-46f1-aa92-bfef5f9ed429.pdf', 'https://www.bseindia.com/stockinfo/AnnPdfOpen.aspx?Pname=058c4452-7011-4d57-8bec-f4115564e925.pdf', 'https://www.bseindia.com/stockinfo/AnnPdfOpen.aspx?Pname=3ba2cb01-418b-4457-883b-d648d156042e.pdf', 'https://www.bseindia.com/stockinfo/AnnPdfOpen.aspx?Pname=8e53b687-6924-42b6-832f-982ad90bc60b.pdf', 'https://www.bseindia.com/stockinfo/AnnPdfOpen.aspx?Pname=73faad30-771d-4f74-bf20-e0148f12b497.pdf', 'https://www.bseindia.com/stockinfo/AnnPdfOpen.aspx?Pname=bfcf98f9-8ca9-4d36-b2dc-9ad85d148ec2.pdf', 'https://www.bseindia.com/stockinfo/AnnPdfOpen.aspx?Pname=ca75fd8e-c729-4e3f-abee-fcaa98e63413.pdf', 'https://www.drreddys.com/media/875729/earnings-call-transcript-q4-fy-20.pdf', 'https://www.drreddys.com/media/836259/earnings-call-transcript-q3fy20.pdf', 'https://www.drreddys.com/media/818995/dr-reddys-earnings-call-transcript-q2fy20.pdf', 'https://www.drreddys.com/media/904546/earnings-call-transcript-q1-fy20.pdf', 'https://www.drreddys.com/media/501338/call-transcript-q4fy17.pdf', 'https://www.drreddys.com/media/373227/earnings-call-transcript-q2-17.pdf', 'https://www.drreddys.com/media/362393/earning-call-q1-17.pdf', 'https://www.drreddys.com/media/145714/earnings-30july-2015.pdf', 'https://www.drreddys.com/media/124673/q4-fy15-earnings-call-transcript.pdf']"
36,DIVISLAB,"['https://www.bseindia.com/stockinfo/AnnPdfOpen.aspx?Pname=993e7524-b3b5-4889-83a9-97caea251c8f.pdf', 'https://www.divislabs.com/wp-content/uploads/2023/11/Earnings-Call_Audio_Q2_FY24.webm', 'https://www.bseindia.com/stockinfo/AnnPdfOpen.aspx?Pname=569ae845-3f2a-4a84-a5e1-644f77c8448c.pdf', 'https://www.bseindia.com/stockinfo/AnnPdfOpen.aspx?Pname=49127dac-7949-4649-ace1-b62bfc5dd2ac.pdf', 'https://www.bseindia.com/stockinfo/AnnPdfOpen.aspx?Pname=503f403c-2d96-42ae-832b-824d14242a34.pdf', 'https://www.bseindia.com/stockinfo/AnnPdfOpen.aspx?Pname=8114e526-7445-4a31-93b7-8a5e01acdc0c.pdf', 'https://www.bseindia.com/stockinfo/AnnPdfOpen.aspx?Pname=3e6d5576-4363-4ef4-bb98-c872b68d7cb2.pdf', 'https://www.bseindia.com/stockinfo/AnnPdfOpen.aspx?Pname=6b8880f6-0a64-459c-882e-758981cd0182.pdf', 'https://www.divislabs.com/wp-content/uploads/2022/02/Earnings-call-transcript-Q3FY22_11.02.2022-1.pdf', 'https://www.divislabs.com/wp-content/uploads/2021/11/Earnings-call-transcript-06Nov-2021.pdf', 'https://www.divislabs.com/wp-content/uploads/2021/06/Earnings-call-transcript-29.05.2021_DivisLab-website.pdf', 'https://www.divislabs.com/wp-content/uploads/2021/03/DivisLabs-Earnings-Feb06-2021_website.pdf', 'https://www.divislabs.com/wp-content/uploads/2020/11/Transcript-of-Earnings-Conference-Call-Q2-FY-21-dated-07.11.2020.pdf', 'https://divislabs-com.wpcdn-a.com/wp-content/uploads/2020/08/Transcript-of-Earnings-Conference-Call-Q1-FY-21-dated-08.08.2020.pdf', 'https://www.divislabs.com/wp-content/uploads/2018/09/DivisLab-Conference-call-March-27-2017-Transcript.pdf']"
37,COALINDIA,"['https://www.bseindia.com/stockinfo/AnnPdfOpen.aspx?Pname=bea172db-79a1-47a6-8e84-ee41083b1b97.pdf', 'https://www.bseindia.com/stockinfo/AnnPdfOpen.aspx?Pname=570566aa-6f2f-4bc1-917d-1ca4b6db77c9.pdf', 'https://www.bseindia.com/stockinfo/AnnPdfOpen.aspx?Pname=63286c38-800f-4e7a-b082-4e264f695a9a.pdf', 'https://www.bseindia.com/stockinfo/AnnPdfOpen.aspx?Pname=38fd923f-988a-4b14-abe5-46d46f0c89ac.pdf', 'https://www.bseindia.com/stockinfo/AnnPdfOpen.aspx?Pname=aacc0369-3904-40dd-90c8-5302808428da.pdf', 'https://www.bseindia.com/stockinfo/AnnPdfOpen.aspx?Pname=84e164e5-68c5-43c2-8df5-9f67e7c94740.pdf', 'https://www.bseindia.com/stockinfo/AnnPdfOpen.aspx?Pname=3ef01782-e352-477a-9f8c-f10f6f5c34fb.pdf', 'https://www.coalindia.in/media/documents/Transcript_for_Analyst_Con-call_held_on_12th_Feb21.pdf', 'https://www.coalindia.in/media/documents/Coal_India_2QFY21_Earnings_Call_Transcript.pdf', 'https://www.coalindia.in/media/documents/EmkayGlobal-CoalIndia-Sep04-2020.doc', 'https://www.coalindia.in/media/documents/ICICISec-CoalIndiaLtd-June29-2020_2.docx']"
38,CIPLA,"['https://www.bseindia.com/xml-data/corpfiling/AttachHis/b6dc9897-3c64-4c9e-bdd2-2c4734877009.pdf', 'https://www.bseindia.com/stockinfo/AnnPdfOpen.aspx?Pname=6983bc6f-fcdf-48bd-9c0d-25dd844f1337.pdf', 'https://www.bseindia.com/stockinfo/AnnPdfOpen.aspx?Pname=37335843-93ef-4383-a671-7add0ceb599d.pdf', 'https://www.bseindia.com/stockinfo/AnnPdfOpen.aspx?Pname=82aaa297-a625-43f0-be1c-c8cd98de3be3.pdf', 'https://www.bseindia.com/stockinfo/AnnPdfOpen.aspx?Pname=94ef8610-d71d-44ae-8220-07330ea704ac.pdf', 'https://www.bseindia.com/stockinfo/AnnPdfOpen.aspx?Pname=28b4fd36-0ffb-4f8e-8f27-5a52843fb9d0.pdf', 'https://www.bseindia.com/stockinfo/AnnPdfOpen.aspx?Pname=2c6b0341-ed61-4735-aedd-d0f29a935bd2.pdf', 'https://www.bseindia.com/stockinfo/AnnPdfOpen.aspx?Pname=9c58919b-3e59-48a4-ad7c-dd5885259717.pdf', 'https://www.bseindia.com/stockinfo/AnnPdfOpen.aspx?Pname=347fe67b-3a75-48b1-92d3-c24b6e6790a5.pdf', 'https://www.bseindia.com/stockinfo/AnnPdfOpen.aspx?Pname=aa25daa3-1349-4955-bda7-4d247f5c0976.pdf', 'https://www.bseindia.com/stockinfo/AnnPdfOpen.aspx?Pname=b053ace1-599a-4738-a4c7-0168aaf72a82.pdf', 'https://www.bseindia.com/stockinfo/AnnPdfOpen.aspx?Pname=f43e1db9-7457-4040-9f41-a1651ad030fa.pdf', 'https://www.cipla.com/sites/default/files/Earning-call-transcript-Q1FY22.pdf', 'https://www.bseindia.com/stockinfo/AnnPdfOpen.aspx?Pname=a3e069dd-9619-4467-9bb2-4b56e4e41006.pdf', 'https://www.bseindia.com/stockinfo/AnnPdfOpen.aspx?Pname=441879b8-ac08-42b9-9e21-44f3833d1faa.pdf', 'https://www.cipla.com/sites/default/files/Transcript_Q3FY21_Unudited_Financial_Results_31st_December_2020.pdf', 'https://www.bseindia.com/stockinfo/AnnPdfOpen.aspx?Pname=78263cd8-dc43-4606-90ab-f795e2aea50d.pdf', 'https://www.bseindia.com/stockinfo/AnnPdfOpen.aspx?Pname=24a23c98-1f5c-4b9a-9054-166403fa6d2b.pdf', 'https://www.cipla.com/sites/default/files/Earnings%20call%20transcript.pdf', 'https://www.bseindia.com/stockinfo/AnnPdfOpen.aspx?Pname=e02f8b42-ef23-4508-8224-9b6858e76569.pdf', 'https://www.cipla.com/sites/default/files/Transcript%20-%20Q1FY21%20Unudited%20Financial%20Results%2030th%20June%202020_0.pdf', 'https://www.bseindia.com/stockinfo/AnnPdfOpen.aspx?Pname=34383223-1d85-4796-93ad-357a839af754.pdf', 'https://www.cipla.com/sites/default/files/Earnings%20call%20transcript%20Q4FY20.pdf', 'https://www.bseindia.com/stockinfo/AnnPdfOpen.aspx?Pname=dcd4b23f-031b-4b68-9153-e59c19b704af.pdf', 'https://www.cipla.com/sites/default/files/Transcript-%20Q3FY20%20Unaudited%20Financial%20Results%2031st%20Dec%202019.pdf', 'https://www.bseindia.com/stockinfo/AnnPdfOpen.aspx?Pname=ca5481ce-a5ae-4d0b-96a4-aef437c9a208.pdf', 'https://www.cipla.com/sites/default/files/Letter%20-%20W_2.pdf', 'https://www.bseindia.com/stockinfo/AnnPdfOpen.aspx?Pname=aaa3665e-90d2-48c8-a456-4363ae4b059e.pdf', 'https://www.cipla.com/sites/default/files/Earnings_Call_Transcript_Q1_FY20.pdf', 'https://www.bseindia.com/stockinfo/AnnPdfOpen.aspx?Pname=879b6184-ebc5-402c-bb27-871f43f1c17d.pdf', 'https://www.cipla.com/sites/default/files/1559056375_Letter%2055_0.pdf', 'https://www.bseindia.com/stockinfo/AnnPdfOpen.aspx?Pname=abb67258-8386-4fd2-964f-0cee9f1b773a.pdf', 'https://www.cipla.com/sites/default/files/2019-03/Q3%20FY%2019%20Earnings%20Call%20Transcript.pdf', 'https://www.bseindia.com/stockinfo/AnnPdfOpen.aspx?Pname=067beff1-22cd-4c87-9d8d-a80577bda42a.pdf', 'https://www.cipla.com/sites/default/files/2019-01/Transcript-%20Q2FY19%20Unaudited%20Financial%20Results%2030th%20Sept%202018.pdf', 'https://www.bseindia.com/stockinfo/AnnPdfOpen.aspx?Pname=dbc47dcc-0024-4f2b-8889-f65703c014e6.pdf', 'https://www.cipla.com/sites/default/files/2019-01/Transcript-%20Q1FY19%20Unaudited%20Financial%20Results%2030th%20Jun%202018.pdf', 'https://www.bseindia.com/stockinfo/AnnPdfOpen.aspx?Pname=fd38558c-355f-4c1b-a489-711691ce7da9.pdf']"
39,BRITANNIA,"['https://www.bseindia.com/xml-data/corpfiling/AttachHis/41a7f40f-ab87-4253-8dbf-229267cd7116.pdf', 'https://www.bseindia.com/stockinfo/AnnPdfOpen.aspx?Pname=6554c9e1-0461-44b9-a30e-26afdeae1d19.pdf', 'https://www.bseindia.com/stockinfo/AnnPdfOpen.aspx?Pname=005b1bcb-9092-48e5-8935-e388843ac75d.pdf', 'https://www.bseindia.com/stockinfo/AnnPdfOpen.aspx?Pname=e4b646e1-4d2a-4cb8-8339-13fb0e2d0bce.pdf', 'https://www.bseindia.com/stockinfo/AnnPdfOpen.aspx?Pname=9144eb59-87ba-4fac-9b94-b2ae7ca8e45e.pdf', 'https://www.bseindia.com/stockinfo/AnnPdfOpen.aspx?Pname=a6b1b99c-17fb-4d70-95ed-a597af4edf95.pdf', 'https://www.bseindia.com/stockinfo/AnnPdfOpen.aspx?Pname=77cd6665-5723-49a6-9356-a2a0cbdf01aa.pdf', 'http://britannia.co.in/pdfs/Presentations/Q1-21-22-Conference-Call-Transcript-2nd-Aug.pdf', 'http://britannia.co.in/pdfs/Presentations/Britannia-Earnings-Apr27-2021.pdf', 'http://britannia.co.in/pdfs/Presentations/Q3-earnings-call-Transcript.pdf', 'http://britannia.co.in/pdfs/Presentations/Earnings-Conference-Call-Transcript-20-Oct.pdf', 'http://britannia.co.in/pdfs/Presentations/Britannia-Earnings-Conference-Call-17th-July.pdf', 'http://britannia.co.in/pdfs/Presentations/Britannia-Earnings-Call-Transcript-10th-Feb.pdf', 'http://britannia.co.in/pdfs/Presentations/Britannia-Conference-Call-Transcript-15th-Nov.pdf', 'http://britannia.co.in/pdfs/Presentations/Britannia-Call-Transcript-9-Aug-2019.pdf', 'http://britannia.co.in/pdfs/Presentations/Britannia-Call-Transcript-2-May-2019.pdf', 'http://britannia.co.in/pdfs/Presentations/Britannia-Call-Transcript-11-Feb-2019.pdf', 'http://britannia.co.in/pdfs/Presentations/Britannia-Call-Transcript-13-Nov-2018.pdf', 'http://britannia.co.in/pdfs/Presentations/Britannia-Conference-Call-17thMay2018.pdf', 'http://britannia.co.in/pdfs/Presentations/Britannia-Transcript-14-Feb-2018.pdf', 'http://britannia.co.in/pdfs/Presentations/Q2-17-18-Conference-Call-Transcript15Nov2017.pdf', 'http://britannia.co.in/pdfs/Presentations/Q1_17-18_ConferenceCall_Transcript_9thAug2017.pdf', 'http://britannia.co.in/pdfs/Presentations/Q4ConferenceCallTranscript30thMay2017.pdf', 'http://britannia.co.in/pdfs/Presentations/Q316-17-Analyst-Conference-Call-Transcript.pdf', 'http://britannia.co.in/pdfs/Presentations/Q216-17AnalystConferenceCallTranscript.pdf', 'http://britannia.co.in/pdfs/Presentations/Q1-16-17-Analyst-Conference-Call-Transcript.pdf', 'http://britannia.co.in/pdfs/Presentations/BritanniaEarnings-May23-2016-Transcript.pdf']"
40,BHARTIARTL,"['https://www.bseindia.com/stockinfo/AnnPdfOpen.aspx?Pname=0eeab431-23fd-430c-b708-37ed32014395.pdf', 'https://www.bseindia.com/stockinfo/AnnPdfOpen.aspx?Pname=c8b3a81b-b06b-4d75-beb6-4214d18d9c92.pdf', 'https://www.bseindia.com/stockinfo/AnnPdfOpen.aspx?Pname=f6c09d0d-087a-4fca-9fb4-da8eaf2110c0.pdf', 'https://www.bseindia.com/stockinfo/AnnPdfOpen.aspx?Pname=ddecd5c8-8630-437e-9fce-93361653788c.pdf', 'https://www.bseindia.com/stockinfo/AnnPdfOpen.aspx?Pname=995ee065-4924-4c7e-89f7-b3f117e269d4.pdf', 'https://www.bseindia.com/stockinfo/AnnPdfOpen.aspx?Pname=5effd051-af8d-4229-8cc4-22f617e163f8.pdf', 'https://www.bseindia.com/stockinfo/AnnPdfOpen.aspx?Pname=668517fd-c240-4c17-b471-68032b658835.pdf']"
41,BPCL,"['https://www.bharatpetroleum.in/images/files/Concall%20Transcript%20Q2.pdf', 'https://www.bharatpetroleum.in/images/files/BPCL%201QFY24%20transcript-Final.pdf']"
42,BAJAJFINSV,"['https://www.bseindia.com/stockinfo/AnnPdfOpen.aspx?Pname=eff59682-9fcb-4d0d-86ea-e652fadd09fa.pdf', 'https://www.bseindia.com/stockinfo/AnnPdfOpen.aspx?Pname=9b171128-3f7f-4460-b4f9-94aacb589792.pdf', 'https://www.bajajfinserv.in/fy-bajaj-finance-group-investor-call-organised-by-clsa-call-transcript.pdf', 'https://www.bajajfinserv.in/bajaj-finserv-q1-conference-call-transcript.pdf', 'https://www.bajajfinserv.in/q4-fy21_bfs-call-transcripts.pdf', 'https://www.bajajfinserv.in/q3-fy21_bfs-call-transcripts.pdf', 'https://www.bajajfinserv.in/q2-fy21_bfs-call-transcripts.pdf', 'https://www.bajajfinserv.in/q1-fy21-bfs-call-transcripts.pdf', 'https://www.bajajfinserv.in/q4-fy20-bfs-call-transcripts.pdf', 'https://www.bajajfinserv.in/q3-fy20_bfs-call-transcripts.pdf', 'https://www.bajajfinserv.in/q2-fy20_bfs-call-transcripts.pdf', 'https://www.bajajfinserv.in/bfs-q1-fy-20-concall-call-transcript.pdf', 'https://www.bajajfinserv.in/q3-fy19-analyst-call-opening-qna.pdf', 'https://www.bajajfinserv.in/q2-fy19-analyst-call-%E2%80%93-qna.pdf', 'https://www.bajajfinserv.in/concall-transcript-%E2%80%93-q4-fy18.pdf', 'https://www.bajajfinserv.in/concall-transcript-%E2%80%93-q3-fy18.pdf', 'https://www.bajajfinserv.in/media/corporate/downloads/concall-transcript-q2-fy18.pdf', 'https://www.bajajfinserv.in/media/corporate/downloads/4qfy17-bajajfinserv-transcript-new.pdf', 'https://www.bajajfinserv.in/media/corporate/downloads/3qfy17-bajajfinserv-transcript.pdf', 'https://www.bajajfinserv.in/media/corporate/downloads/2qfy17-bajajfinserv-transcript.pdf', 'https://www.bajajfinserv.in/media/corporate/downloads/concall-transcript-q1-fy17.pdf', 'https://www.bajajfinserv.in/media/corporate/downloads/concall-transcript-q4-fy16.pdf']"
43,BAJFINANCE,"['https://www.bseindia.com/stockinfo/AnnPdfOpen.aspx?Pname=01bb9206-59b1-494c-845a-c48f419a6267.pdf', 'https://cms-assets.bajajfinserv.in/is/content/bajajfinance/transcript-q1pdf?scl=1&fmt=pdf', 'https://www.bseindia.com/stockinfo/AnnPdfOpen.aspx?Pname=5d92a755-d1bb-423f-8309-3fdb32a9fa8a.pdf', 'https://www.bseindia.com/stockinfo/AnnPdfOpen.aspx?Pname=6e7ddefe-9c08-4cd0-a639-173cf2f6bc0b.pdf', 'https://www.bajajfinserv.in/fy-bajaj-finance-q2-conference-call-transcript.pdf', 'https://www.bajajfinserv.in/bajaj-finance-group-call---organised-by-morgan-stanley-on-16-sep-2021.pdf', 'https://www.bajajfinserv.in/fy-bajaj-finance-q1-conference-call-transcript.pdf', 'https://www.bajajfinserv.in/fy21-bajaj-finance-q4-conference-call-transcript.pdf', 'https://www.bajajfinserv.in/bajaj-finance-q3-fy21-conference-call-transcript.pdf', 'https://www.bajajfinserv.in/fy21-bajaj-finance-q2-conference-call-transcript.pdf', 'https://www.bajajfinserv.in/fy21-bajaj-finance-q1-conference-call-transcript.pdf', 'https://www.bajajfinserv.in/bajaj-finance-q4-conference-call-transcript-2020.pdf', 'https://www.bseindia.com/stockinfo/AnnPdfOpen.aspx?Pname=61616afc-c1b3-4663-910d-9cab7896af84.pdf', 'https://www.bajajfinserv.in/bajaj-finance-q3-conference-call-transcript-new.pdf', 'https://www.bajajfinserv.in/earnings-call-transcript-q2-fy-20-new.pdf', 'https://www.bajajfinserv.in/earnings-call-transcript-q1-fy-20-new.pdf', 'https://www.bajajfinserv.in/bajaj-finance-q4-conference-call-transcript-19.pdf', 'https://www.bajajfinserv.in/q3-conference-call-transcript.pdf', 'https://www.bajajfinserv.in/fy19-q2-bajaj-finance-transcript.pdf', 'https://www.bajajfinserv.in/bajaj-finance-q4-conference-call-transcript.pdf', 'https://www.bajajfinserv.in/bajaj-finance-q1-conference-call-transcript.pdf', 'https://www.bajajfinserv.in/bajaj-finance-q3-conference-call-transcript-2016.pdf', 'https://www.bajajfinserv.in/bajaj-finance-q2-conference-call-transcript-2016.pdf', 'https://www.bajajfinserv.in/bajaj-finance-q4-conference-call-transcript-2015.pdf', 'https://www.bajajfinserv.in/bajaj-finance-q3-conference-call-transcript-2015.pdf']"
44,BAJAJ-AUTO,"['https://www.bajajauto.com/-/media/Images/bajajauto/media-kit/press-release/new-Quarter-Results/FY2023-24/Transcript-of-Earnings-Conference-Call-Q1-FY24.ashx', 'https://www.bseindia.com/stockinfo/AnnPdfOpen.aspx?Pname=66fb0fb2-6364-4016-bb02-f3eaf26840fe.pdf', 'https://www.bajajauto.com/-/media/Images/bajajauto/media-kit/press-release/new-Quarter-Results/FY2022-23/Bajaj-Auto-Q3-FY23-Earnings-Call-Transcript.ashx', 'https://www.bajajauto.com/-/media/Images/bajajauto/media-kit/press-release/new-Quarter-Results/FY2022-23/Transcript_Q2-FY23-Earnings-Conference-Call.ashx', 'https://www.bajajauto.com/-/media/Images/bajajauto/media-kit/press-release/new-Quarter-Results/FY2022-23/Bajaj-Auto-Q1-FY23-Earnings-Call-Transcript.ashx', 'https://www.bseindia.com/stockinfo/AnnPdfOpen.aspx?Pname=814f6890-6560-4e40-8e19-0206f54a6790.pdf']"
45,AXISBANK,"['https://www.axisbank.com/docs/default-source/call-transcript/q2fy24-earnings-call-transcript.pdf', 'https://www.axisbank.com/docs/default-source/call-transcript/q1fy24-earnings-call-transcript.pdf', 'https://www.axisbank.com/docs/default-source/call-transcript/q4fy23-earnings-call-transcript.pdf', 'https://www.axisbank.com/docs/default-source/call-transcript/q3fy23-earnings-call-transcript.pdf', 'https://www.axisbank.com/docs/default-source/call-transcript/q2fy23-earnings-call-transcript.pdf', 'https://www.axisbank.com/docs/default-source/call-transcript/q1fy23-earnings-call-transcript.pdf', 'https://www.axisbank.com/docs/default-source/call-transcript/axis-banks-q4fy22-earnings-call-script.pdf', 'https://www.axisbank.com/docs/default-source/call-transcript/axis-bank-q3fy22-earnings-call-transcript.pdf', 'https://www.axisbank.com/docs/default-source/call-transcript/q2fy22-earnings-call-transcript.pdf', 'https://www.axisbank.com/docs/default-source/call-transcript/q1fy22-earnings-call-transcript.pdf', 'https://www.axisbank.com/docs/default-source/call-transcript/q4fy21-earnings-call-transcript.pdf', 'https://www.axisbank.com/docs/default-source/call-transcript/q3fy21-earnings-call-transcript.pdf', 'https://www.axisbank.com/docs/default-source/call-transcript/q2fy21-earnings-call-transcript.pdf', 'https://www.axisbank.com/docs/default-source/call-transcript/q1fy21-earnings-call-transcript.pdf', 'https://www.bseindia.com/stockinfo/AnnPdfOpen.aspx?Pname=3e8456ee-2ef6-4d00-a271-90d97084b34c.pdf', 'https://www.axisbank.com/docs/default-source/call-transcript/q2fy18-earnings-call-transcript.pdf', 'https://www.axisbank.com/docs/default-source/call-transcript/q4-fy-17-call-transcript.pdf', 'https://www.axisbank.com/docs/default-source/call-transcript/q4-fy16-results-call-script.pdf']"
46,ASIANPAINT,"['https://www.bseindia.com/xml-data/corpfiling/AttachHis/1065d24c-707c-4f1a-b20b-b3fc7a34c21c.pdf', 'https://www.bseindia.com/stockinfo/AnnPdfOpen.aspx?Pname=fe292159-09dd-40b9-bffa-99741a5afe41.pdf', 'https://www.bseindia.com/stockinfo/AnnPdfOpen.aspx?Pname=0aed4336-c50d-41f6-9b03-b0a9a8782f52.pdf', 'https://www.bseindia.com/stockinfo/AnnPdfOpen.aspx?Pname=6c84bd13-b939-4a77-be76-b3e928f26fd8.pdf', 'https://www.bseindia.com/stockinfo/AnnPdfOpen.aspx?Pname=1f4a1b3b-0856-4953-b0f5-d4f2d34a893d.pdf', 'https://www.bseindia.com/stockinfo/AnnPdfOpen.aspx?Pname=156f8864-8ba9-4478-ad02-53bbb64d5f75.pdf', 'https://www.bseindia.com/stockinfo/AnnPdfOpen.aspx?Pname=38584fe3-d8fb-437a-934b-3d817f9d6d32.pdf', 'https://www.bseindia.com/stockinfo/AnnPdfOpen.aspx?Pname=9831cb5d-0b3f-46cb-af1e-2a67e454b670.pdf', 'https://www.bseindia.com/stockinfo/AnnPdfOpen.aspx?Pname=f5f9dad5-bea9-458d-bfdf-2a87f5e1923a.pdf', 'https://www.bseindia.com/stockinfo/AnnPdfOpen.aspx?Pname=e44ccf37-a913-4a69-bdb2-6adc0ee6ce26.pdf', 'https://www.bseindia.com/stockinfo/AnnPdfOpen.aspx?Pname=7d68aa83-491b-4115-873c-f13d94ae4474.pdf', 'https://www.bseindia.com/stockinfo/AnnPdfOpen.aspx?Pname=18b3d1ed-eede-4646-9ae4-e92369037d59.pdf', 'https://www.asianpaints.com/content/dam/asianpaints/website/secondary-navigation/investors/financial-results-2/2020-2021/Conference%20call%20transcript%20-%20Q3FY21%20results.pdf', 'https://www.asianpaints.com/content/dam/asianpaints/website/secondary-navigation/investors/financial-results-2/2020-2021/Q2-FY21%20results%20Investor%20call%20transcript%20(1).pdf', 'https://www.asianpaints.com/content/dam/asianpaints/website/secondary-navigation/investors/financial-results-2/2020-2021/Q1FY21%20results%20-%20Earnings%20call%20transcript.pdf', 'https://www.asianpaints.com/content/dam/asianpaints/website/secondary-navigation/investors/analyst-presentations-2/Q2FY20%20Investor%20call%20transcript.pdf', 'https://www.asianpaints.com/content/dam/asianpaints/website/secondary-navigation/investors/analyst-presentations-2/Motilal%20Oswal%20conference%20presentation.pdf', 'https://www.asianpaints.com/content/dam/asianpaints/website/secondary-navigation/investors/analyst-presentations-2/Citi%20conference%20presentation.pdf', 'https://www.asianpaints.com/content/dam/asianpaints/website/secondary-navigation/investors/analyst-presentations-2/Investor%20call%20transcript%20-%20Q3FY19%20results..pdf', 'https://www.asianpaints.com/content/dam/asianpaints/website/secondary-navigation/investors/analyst-presentations-2/Q3FY18%20results%20-%20Investor%20conference%20call.pdf', 'https://www.asianpaints.com/content/dam/asianpaints/website/secondary-navigation/investors/financial-results-2/2017-2018/Asian%20Paints%20Q2%20FY%202018%20Result.pdf', 'https://www.asianpaints.com/content/dam/asianpaints/website/secondary-navigation/investors/analyst-presentations-2/UBS%20conference%20presentation%20-%20Nov%202017.pdf', 'https://www.asianpaints.com/content/dam/asianpaints/website/secondary-navigation/investors/analyst-presentations-2/Investor%20conference%20call%20Q2-FY18%20results.pdf']"
47,APOLLOHOSP,"['https://www.apollohospitals.com/apollo_pdf/Transcript-of-Apollo-Hospitals-Q2-FY24.pdf', 'https://www.apollohospitals.com/apollo_pdf/Transcript-of-apollo-hospitals-Q1-FY24.pdf', 'https://cdn.apollohospitals.com/dev-apollohospitals/2023/06/Transcript-of-Apollo-Hospitals-Q4-FY23-Earnings-Call-31-May-2023.pdf', 'https://www.apollohospitals.com/apollo_pdf/Transcript-of-Apollo-Hospitals-Q3-FY23-Earnings-Call-15-February-2023.pdf', 'https://www.apollohospitals.com/apollo_pdf/Transcript-of-Apollo-Hospitals-Q1-FY22-Earnings-Call-14-August-2021.pdf', 'https://www.apollohospitals.com/apollo_pdf/Transcript%20of%20Apollo%20Hospitals%20_%20Q2%20FY21%20Earnings%20Call.pdf', 'https://www.apollohospitals.com/apollo_pdf/Transcript%20of%20Apollo%20Hospitals%20_%20Q1%20FY21%20Earnings%20Call.pdf', 'https://www.apollohospitals.com/apollo_pdf/Transcript%20of%20Apollo%20Hospitals%20_%20Q4%20FY20%20Earnings%20Call.pdf', 'https://www.apollohospitals.com/apollo_pdf/Transcript%20of%20Apollo%20Hospitals%20_%20Q3%20FY20%20Earnings%20Call.pdf', 'https://www.apollohospitals.com/apollo_pdf/Transcript%20of%20Apollo%20Hospitals%20_%20Q2%20FY20%20Earnings%20Call.pdf', 'https://www.apollohospitals.com/apollo_pdf/Transcript%20of%20Apollo%20Hospitals%20_%20Q1%20FY20%20Earnings%20Call.pdf', 'https://www.apollohospitals.com/apollo_pdf/Transcript%20of%20Apollo%20Hospitals_Q4FY19%20Earnings%20Call.pdf', 'https://www.apollohospitals.com/apollo_pdf/Transcript%20of%20Apollo%20Hospitals_Q3%20FY19%20Earnings%20Call.pdf', 'https://www.apollohospitals.com/apollo_pdf/Transcript%20of%20Apollo%20Hospitals_Q2%20FY19%20Earnings%20Call.pdf', 'https://www.apollohospitals.com/apollo_pdf/Transcript%20of%20Apollo%20Hospitals_Q1%20FY19%20Earnings%20Call.pdf', 'https://www.apollohospitals.com/apollo_pdf/Transcript%20of%20Apollo%20Hospitals%20Q4FY18%20Earnings%20Call.pdf', 'https://www.apollohospitals.com/apollo_pdf/Transcript%20of%20Apollo%20Hospitals%20Q3FY18%20Earnings%20Call.pdf', 'https://www.apollohospitals.com/apollo_pdf/Transcript%20of%20Apollo%20Hospitals%20Q2FY18%20Earnings%20Call.pdf', 'https://www.apollohospitals.com/apollo_pdf/Transcript%20of%20Apollo%20Hospitals%20Q1FY18%20Earnings%20Call.pdf', 'https://www.apollohospitals.com/apollo_pdf/Transcript%20of%20Apollo%20Hospitals%20_%20Q4%20FY17%20Earnings%20Call.pdf', 'https://www.apollohospitals.com/apollo_pdf/Transcript%20of%20Apollo%20Hospitals%20_%20Q2%20FY17%20Earnings%20Call.pdf', 'https://www.apollohospitals.com/apollo_pdf/Apollo%20Hospitals_Q3FY16%20Transcript.pdf']"
48,ADANIPORTS,"['https://www.adaniports.com/-/media/Project/Ports/Investor/Transcripts/Q2-FY24-Earnings-Call-transcript.pdf', 'https://www.bseindia.com/stockinfo/AnnPdfOpen.aspx?Pname=e2a5de5b-1ca0-4c21-ba92-0ca3dc1cc822.pdf', 'https://www.adaniports.com/-/media/Project/Ports/Investor/Transcripts/Q4-FY23-Earnings-Call.pdf', 'https://www.adaniports.com/-/media/Project/Ports/Investor/Transcripts/Q3-FY23-Earnings-Call-Transcript.pdf', 'https://www.adaniports.com/-/media/Project/Ports/Investor/Transcripts/Transcript_Q3_2022.pdf', 'https://www.adaniports.com/-/media/Project/Ports/Investor/Transcripts/Q2-FY22-Earning-Call.pdf', 'https://www.adaniports.com/-/media/Project/Ports/Investor/Transcripts/Q1-FY-22-Earning-Calls.pdf', 'https://www.adaniports.com/-/media/Project/Ports/Investor/Transcripts/AGM--July-12-2021.pdf', 'https://www.adaniports.com/-/media/Project/Ports/Investor/Transcripts/Q4-FY21-Earnings-Call.pdf', 'https://www.adaniports.com/-/media/Project/Ports/Investor/Transcripts/APSEZ---GPL-and-SRCPL-Call-Transcript.pdf', 'https://www.adaniports.com/-/media/Project/Ports/Investor/Transcripts/Q3-FY21-Earnings-call.pdf', 'https://www.adaniports.com/-/media/Project/Ports/Investor/Transcripts/EarningCalls.pdf', 'https://www.adaniports.com/-/media/Project/Ports/Investor/Transcripts/Q1-FY21-Earnings-Call.pdf', 'https://www.adaniports.com/-/media/Project/Ports/Investor/Transcripts/Transcript-Q4FY20-AdaniPorts-06May-2020.pdf', 'https://www.adaniports.com/-/media/Project/Ports/Investor/Transcripts/Q3-FY20-Earnings-Call.pdf', 'https://www.adaniports.com/-/media/Project/Ports/Investor/Transcripts/Q2-FY20-Earnings-Call.pdf', 'https://www.adaniports.com/-/media/Project/Ports/Investor/Transcripts/Q1-FY20-Earnings-Call.pdf', 'https://www.adaniports.com/-/media/Project/Ports/Investor/Transcripts/Q4_FY19_Earnings_Call.pdf', 'https://www.adaniports.com/-/media/Project/Ports/Investor/Transcripts/Q3-FY19-Earnings-Call.pdf', 'https://www.adaniports.com/-/media/Project/Ports/Investor/Transcripts/Q2_FY19_Earnings_Call.pdf', 'https://www.adaniports.com/-/media/Project/Ports/Investor/Transcripts/Q1FY19EarningsCall.pdf', 'https://www.adaniports.com/-/media/Project/Ports/Investor/Transcripts/Q3F18EarningsCall.pdf', 'https://www.adaniports.com/-/media/Project/Ports/Investor/Transcripts/Q2_F18_Earnings_Call.pdf', 'https://www.adaniports.com/-/media/Project/Ports/Investor/Transcripts/Q1F18EarningsCall.pdf', 'https://www.adaniports.com/-/media/Project/Ports/Investor/Transcripts/Q3F17EarningsCall.pdf', 'https://www.adaniports.com/-/media/Project/Ports/Investor/Transcripts/Q2-F17-Earnings-Call.pdf', 'https://www.adaniports.com/-/media/Project/Ports/Investor/Transcripts/Q1F17EarningsCall.pdf', 'https://www.adaniports.com/-/media/Project/Ports/Investor/Transcripts/Q4F16EarningsCall.pdf', 'https://www.adaniports.com/-/media/Project/Ports/Investor/Transcripts/Q3F16EarningsCall.pdf']"
49,ADANIENT,"['https://www.bseindia.com/stockinfo/AnnPdfOpen.aspx?Pname=40649468-8950-4e4e-8b25-1d6ad4e65161.pdf', 'https://www.bseindia.com/stockinfo/AnnPdfOpen.aspx?Pname=2da3778d-ae85-474c-95cb-add0ad2aa1fa.pdf', 'https://www.adanienterprises.com/-/media/Project/Enterprises/Investors/Investor-Downloads/Results-Conference-Call-Transcripts/Q4FY23-Earnings-Call-Transcript.pdf', 'https://www.adanienterprises.com/-/media/Project/Enterprises/Investors/Investor-Downloads/Results-Conference-Call-Transcripts/Q3-23-Conference-Call-Transcript.pdf', 'https://www.adanienterprises.com/-/media/Project/Enterprises/Investors/Investor-Downloads/Results-Conference-Call-Transcripts/Q2-23-Conference-Call-Trranscript.pdf', 'https://www.adanienterprises.com/-/media/Project/Enterprises/Investors/Investor-Downloads/Results-Conference-Call-Transcripts/Q1-FY23.pdf', 'https://adanienterprises.com/-/media/Project/Enterprises/Investors/Investor-Downloads/Results-Conference-Call-Transcripts/DAMCap-AdaniEnterprises-28Oct-2021.pdf', 'https://adanienterprises.com/-/media/Project/Enterprises/Investors/Investor-Downloads/Results-Conference-Call-Transcripts/Centrum-AdaniEnterprises-04Aug2021.pdf', 'https://www.adanienterprises.com/-/media/Project/Enterprises/Investors/Investor-Downloads/Results-Conference-Call-Transcripts/AdaniEnter-Earnings-1600-Feb03-2021.pdf', 'https://www.adanienterprises.com/-/media/Project/Enterprises/Investors/Investor-Downloads/Results-Conference-Call-Transcripts/Q2FY17-Earnings-call.pdf', 'https://www.adanienterprises.com/-/media/Project/Enterprises/Investors/Investor-Downloads/Results-Conference-Call-Transcripts/Q1FY17-Earnings-Call.pdf', 'https://www.adanienterprises.com/-/media/Project/Enterprises/Investors/Investor-Downloads/Results-Conference-Call-Transcripts/Q3-FY16-Earnings-Call.pdf']"
